player,yas_w,yas_l,yas_win%,yasuo_events,prior_win%,prior_history
Sebastian N,8,4,67,Utr 8-4,82,Lil Irelia 9-2
Boris S,1,3,25,Utr 1-3,77,Bol Irelia 7-3 | Lil Yasuo 10-2
Javier E,5,3,62,Har 5-3,75,Las Yasuo 3-1
Niklas R,4,4,50,Utr 4-4,70,Lil Lee Sin 7-3
Kyle S,4,3,57,Van 4-3,67,Atl Yasuo 8-4
Florin-Cristian L,4,3,57,Van 4-3,61,Bol Volibear 3-3 | Las Master Yi 9-3 | Lil Master Yi 2-3 | Atl Miss Fortune 5-3
Josh W,2,3,40,Har 2-3,58,Atl Yasuo 7-5
Jake C,4,3,57,Har 4-3,57,Las Darius 4-3
Peng Xiang Y,4,3,57,Har 4-3,57,Van Master Yi 4-3
Fabià M,3,4,43,Utr 3-4,57,Bol Yasuo 4-3
Alessio P,3,4,43,Utr 3-4,57,Lil Irelia 4-3
David D,7,11,39,Van 2-5 | Har 5-6,57,Atl Yasuo 4-3
Manuel O,4,3,57,Utr 4-3,56,Bol Lee Sin 6-5 | Lil Rek'Sai 4-3
Xander C,3,4,43,Van 3-4,43,Las Yasuo 3-4
jose matias e,4,3,57,Utr 4-3,42,Lil Yasuo 5-7
Sebastian L,3,3,50,Utr 3-3,33,Bol Irelia 2-4
Matt M,1,1,50,Har 1-1,33,Las Yasuo 2-4
Mariusz N,3,4,43,Utr 3-4,33,Bol Yasuo 2-4
Salomon B,4,4,50,Har 4-4,25,Atl Yasuo 1-3
Randy R,2,3,40,Har 2-3,0,Las Yasuo 0-2
Mael G,2,4,33,Utr 2-4,0,Bol Lucian 0-1
Mario L,1,3,25,Utr 1-3,0,Bol Fiora 0-3
Elwyn C,8,4,67,Van 8-4,,(new — Yasuo first)
Jimmy P,5,3,62,Van 5-3,,(new — Yasuo first)
Kishi W,5,3,62,Har 5-3,,(new — Yasuo first)
Jason W,5,3,62,Har 5-3,,(new — Yasuo first)
Quin L,3,2,60,Van 3-2,,(new — Yasuo first)
Jarrod B,7,5,58,Syd 7-5,,(new — Yasuo first)
Bailey O,4,3,57,Syd 4-3,,(new — Yasuo first)
Trevor L,4,3,57,Van 4-3,,(new — Yasuo first)
Tino H,4,3,57,Utr 4-3,,(new — Yasuo first)
Robert B,4,3,57,Utr 4-3,,(new — Yasuo first)
Bailey H,4,3,57,Har 4-3,,(new — Yasuo first)
Tristan L,4,3,57,Har 4-3,,(new — Yasuo first)
Leopold E,4,3,57,Har 4-3,,(new — Yasuo first)
Matt C,4,3,57,Har 4-3,,(new — Yasuo first)
Brian D,9,7,56,Van 5-3 | Har 4-4,,(new — Yasuo first)
David S,4,4,50,Syd 4-4,,(new — Yasuo first)
Will S,4,4,50,Syd 4-4,,(new — Yasuo first)
Hayden J,3,3,50,Syd 3-3,,(new — Yasuo first)
Shane V,4,4,50,Syd 4-4,,(new — Yasuo first)
Yatin A,3,3,50,Syd 3-3,,(new — Yasuo first)
Brandon T,3,3,50,Van 3-3,,(new — Yasuo first)
christian J,7,7,50,Van 4-3 | Har 3-4,,(new — Yasuo first)
Dylan D,4,4,50,Van 4-4,,(new — Yasuo first)
William L,3,3,50,Van 3-3,,(new — Yasuo first)
JnP P,3,3,50,Utr 3-3,,(new — Yasuo first)
Karim A,6,6,50,Utr 6-6,,(new — Yasuo first)
Leanna V,3,3,50,Har 3-3,,(new — Yasuo first)
Callum A,3,4,43,Syd 3-4,,(new — Yasuo first)
Kenneth V,3,4,43,Syd 3-4,,(new — Yasuo first)
Eduardo K,3,4,43,Van 3-4,,(new — Yasuo first)
Lukas R,3,4,43,Utr 3-4,,(new — Yasuo first)
Sam H,3,4,43,Utr 3-4,,(new — Yasuo first)
Carl G,3,4,43,Har 3-4,,(new — Yasuo first)
Dustin M,3,4,43,Har 3-4,,(new — Yasuo first)
Audrey L,2,3,40,Syd 2-3,,(new — Yasuo first)
Michael T,2,3,40,Syd 2-3,,(new — Yasuo first)
Danny G,2,3,40,Van 2-3,,(new — Yasuo first)
Matthew P,2,3,40,Van 2-3,,(new — Yasuo first)
Renly L,2,3,40,Van 2-3,,(new — Yasuo first)
Nikolas D,2,3,40,Utr 2-3,,(new — Yasuo first)
Brandon C,2,3,40,Har 2-3,,(new — Yasuo first)
Josh T,2,3,40,Har 2-3,,(new — Yasuo first)
George A,3,5,38,Utr 3-5,,(new — Yasuo first)
Adia J,3,5,38,Har 3-5,,(new — Yasuo first)
Kent P,1,2,33,Van 1-2,,(new — Yasuo first)
Pascal v,2,4,33,Utr 2-4,,(new — Yasuo first)
Qasim A,2,4,33,Utr 2-4,,(new — Yasuo first)
Gordon W,2,4,33,Har 2-4,,(new — Yasuo first)
Anthony M,1,2,33,Har 1-2,,(new — Yasuo first)
Jason C,2,5,29,Utr 2-5,,(new — Yasuo first)
Johannes K,2,5,29,Utr 2-5,,(new — Yasuo first)
Nora O,2,5,29,Utr 2-5,,(new — Yasuo first)
Eric L,1,3,25,Syd 1-3,,(new — Yasuo first)
Haydn B,1,3,25,Syd 1-3,,(new — Yasuo first)
Lynton P,1,3,25,Syd 1-3,,(new — Yasuo first)
Mark T,1,3,25,Van 1-3,,(new — Yasuo first)
Philip B,1,3,25,Van 1-3,,(new — Yasuo first)
Timothy B,1,3,25,Har 1-3,,(new — Yasuo first)
Domenic D,1,4,20,Van 1-4,,(new — Yasuo first)
Jordan P,1,4,20,Van 1-4,,(new — Yasuo first)
Justin T,1,4,20,Van 1-4,,(new — Yasuo first)
Justin E,1,4,20,Van 1-4,,(new — Yasuo first)
Vincent D,1,4,20,Van 1-4,,(new — Yasuo first)
Joaquin S,1,4,20,Utr 1-4,,(new — Yasuo first)
Taylor R,1,4,20,Utr 1-4,,(new — Yasuo first)
Justin U,1,4,20,Har 1-4,,(new — Yasuo first)
Scott B,1,5,17,Van 1-5,,(new — Yasuo first)
Dylan O,0,0,0,Syd 0-0,,(new — Yasuo first)
Leo M,0,4,0,Syd 0-4,,(new — Yasuo first)
Toby T,0,4,0,Syd 0-4,,(new — Yasuo first)
Wayne t,0,3,0,Syd 0-3,,(new — Yasuo first)
Zida W,0,3,0,Van 0-3,,(new — Yasuo first)
Erick R,0,3,0,Van 0-3,,(new — Yasuo first)
Mathieu F,0,0,0,Van 0-0,,(new — Yasuo first)
Stanley S,0,3,0,Van 0-3,,(new — Yasuo first)
Xavier B,0,7,0,Utr 0-7,,(new — Yasuo first)
Christoph B,0,3,0,Utr 0-3,,(new — Yasuo first)
Eduard George P,0,4,0,Utr 0-4,,(new — Yasuo first)
Felix B,0,4,0,Utr 0-4,,(new — Yasuo first)
Robin R,0,2,0,Utr 0-2,,(new — Yasuo first)
Viet Q,0,3,0,Utr 0-3,,(new — Yasuo first)
Luke J,0,3,0,Har 0-3,,(new — Yasuo first)
Gabriel C,0,3,0,Har 0-3,,(new — Yasuo first)
