productId,cardNumber,name,rarity,treatment,tcgRarity,normalMarket,normalLow,normalMid,normalHigh,foilMarket,foilLow,foilMid,foilHigh,tcgplayerUrl,imageUrl
685942,001/219,Arena Kingpin,Common,Base,Common,0.09,0.02,0.2,2.18,0.15,0.05,0.28,7.98,https://www.tcgplayer.com/product/685942/riftbound-league-of-legends-trading-card-game-unleashed-arena-kingpin,https://tcgplayer-cdn.tcgplayer.com/product/685942_200w.jpg
684213,002/219,Inferna,Common,Base,Common,0.12,0.04,0.24,2.08,0.55,0.04,0.65,4.99,https://www.tcgplayer.com/product/684213/riftbound-league-of-legends-trading-card-game-unleashed-inferna,https://tcgplayer-cdn.tcgplayer.com/product/684213_200w.jpg
684584,003/219,Mischevious Marai,Common,Base,Common,0.15,0.04,0.2,1.64,0.14,0.02,0.25,5,https://www.tcgplayer.com/product/684584/riftbound-league-of-legends-trading-card-game-unleashed-mischevious-marai,https://tcgplayer-cdn.tcgplayer.com/product/684584_200w.jpg
685537,004/219,Prepared Neophyte,Common,Base,Common,0.08,0.02,0.2,1.64,0.16,0.09,0.25,4.99,https://www.tcgplayer.com/product/685537/riftbound-league-of-legends-trading-card-game-unleashed-prepared-neophyte,https://tcgplayer-cdn.tcgplayer.com/product/685537_200w.jpg
685528,005/219,Revna the Lorekeeper,Common,Base,Common,0.1,0.03,0.2,1.64,0.31,0.06,0.32,4.99,https://www.tcgplayer.com/product/685528/riftbound-league-of-legends-trading-card-game-unleashed-revna-the-lorekeeper,https://tcgplayer-cdn.tcgplayer.com/product/685528_200w.jpg
685002,006/219,Sharkling,Common,Base,Common,0.14,0.01,0.2,2.08,0.53,0.15,0.89,4.99,https://www.tcgplayer.com/product/685002/riftbound-league-of-legends-trading-card-game-unleashed-sharkling,https://tcgplayer-cdn.tcgplayer.com/product/685002_200w.jpg
684480,007/219,Smite,Common,Base,Common,0.14,0.03,0.25,2.08,0.74,0.03,0.74,4.99,https://www.tcgplayer.com/product/684480/riftbound-league-of-legends-trading-card-game-unleashed-smite,https://tcgplayer-cdn.tcgplayer.com/product/684480_200w.jpg
684653,008/219,Towering Pairofant,Common,Base,Common,0.12,0.04,0.2,1.64,0.25,0.03,0.26,5.49,https://www.tcgplayer.com/product/684653/riftbound-league-of-legends-trading-card-game-unleashed-towering-pairofant,https://tcgplayer-cdn.tcgplayer.com/product/684653_200w.jpg
684487,009/219,Upstage Comedy,Common,Base,Common,0.25,0.04,0.25,3.79,0.85,0.13,0.75,4.99,https://www.tcgplayer.com/product/684487/riftbound-league-of-legends-trading-card-game-unleashed-upstage-comedy,https://tcgplayer-cdn.tcgplayer.com/product/684487_200w.jpg
685657,010/219,Vault Breaker,Common,Base,Common,0.19,0.04,0.24,1.64,0.35,0.03,0.38,4.99,https://www.tcgplayer.com/product/685657/riftbound-league-of-legends-trading-card-game-unleashed-vault-breaker,https://tcgplayer-cdn.tcgplayer.com/product/685657_200w.jpg
685005,031/219,Combat Experience,Common,Base,Common,0.15,0.02,0.24,1.64,0.26,0.07,0.29,5,https://www.tcgplayer.com/product/685005/riftbound-league-of-legends-trading-card-game-unleashed-combat-experience,https://tcgplayer-cdn.tcgplayer.com/product/685005_200w.jpg
686271,032/219,Double Trouble,Common,Base,Common,0.22,0.04,0.25,2.08,0.17,0.02,0.25,4.99,https://www.tcgplayer.com/product/686271/riftbound-league-of-legends-trading-card-game-unleashed-double-trouble,https://tcgplayer-cdn.tcgplayer.com/product/686271_200w.jpg
685677,033/219,Frisky Hunter,Common,Base,Common,0.18,0.04,0.21,1.58,0.58,0.18,0.64,4.99,https://www.tcgplayer.com/product/685677/riftbound-league-of-legends-trading-card-game-unleashed-frisky-hunter,https://tcgplayer-cdn.tcgplayer.com/product/685677_200w.jpg
685198,034/219,Herald of Spring,Common,Base,Common,0.14,0.04,0.2,1.97,0.78,0.01,0.82,4.99,https://www.tcgplayer.com/product/685198/riftbound-league-of-legends-trading-card-game-unleashed-herald-of-spring,https://tcgplayer-cdn.tcgplayer.com/product/685198_200w.jpg
685585,035/219,Monch,Common,Base,Common,0.08,0.03,0.2,1.64,0.15,0.03,0.25,5,https://www.tcgplayer.com/product/685585/riftbound-league-of-legends-trading-card-game-unleashed-monch,https://tcgplayer-cdn.tcgplayer.com/product/685585_200w.jpg
684124,036/219,Mutated Mouser,Common,Base,Common,0.12,0.04,0.21,1.58,0.47,0.1,0.55,4.99,https://www.tcgplayer.com/product/684124/riftbound-league-of-legends-trading-card-game-unleashed-mutated-mouser,https://tcgplayer-cdn.tcgplayer.com/product/684124_200w.jpg
684587,037/219,Shadow Watcher,Common,Base,Common,0.17,0.04,0.2,1.64,0.21,0.07,0.3,7.98,https://www.tcgplayer.com/product/684587/riftbound-league-of-legends-trading-card-game-unleashed-shadow-watcher,https://tcgplayer-cdn.tcgplayer.com/product/684587_200w.jpg
685941,038/219,Skyward Strike,Common,Base,Common,0.17,0.04,0.2,1.64,0.82,0.08,0.86,5.12,https://www.tcgplayer.com/product/685941/riftbound-league-of-legends-trading-card-game-unleashed-skyward-strike,https://tcgplayer-cdn.tcgplayer.com/product/685941_200w.jpg
685197,039/219,Soul Sword,Common,Base,Common,0.15,0.03,0.2,1.58,0.57,0.1,0.65,5.49,https://www.tcgplayer.com/product/685197/riftbound-league-of-legends-trading-card-game-unleashed-soul-sword,https://tcgplayer-cdn.tcgplayer.com/product/685197_200w.jpg
686315,040/219,Wuju Apprentice,Common,Base,Common,0.17,0.04,0.23,4,1.07,0.14,1.07,6.98,https://www.tcgplayer.com/product/686315/riftbound-league-of-legends-trading-card-game-unleashed-wuju-apprentice,https://tcgplayer-cdn.tcgplayer.com/product/686315_200w.jpg
685532,045/219,Forgotten Signpost,Common,Base,Common,0.13,0.02,0.25,1.4,0.31,0.1,0.37,5,https://www.tcgplayer.com/product/685532/riftbound-league-of-legends-trading-card-game-unleashed-forgotten-signpost,https://tcgplayer-cdn.tcgplayer.com/product/685532_200w.jpg
684201,061/219,Downstage Dramatics,Common,Base,Common,0.14,0.04,0.2,1.42,0.87,0.05,0.97,4.99,https://www.tcgplayer.com/product/684201/riftbound-league-of-legends-trading-card-game-unleashed-downstage-dramatics,https://tcgplayer-cdn.tcgplayer.com/product/684201_200w.jpg
685678,062/219,Dramatic Visionary,Common,Base,Common,0.1,0.04,0.2,1.64,0.31,0.1,0.36,4.99,https://www.tcgplayer.com/product/685678/riftbound-league-of-legends-trading-card-game-unleashed-dramatic-visionary,https://tcgplayer-cdn.tcgplayer.com/product/685678_200w.jpg
685679,063/219,Eclipse,Common,Base,Common,0.12,0.05,0.21,1.43,0.38,0.2,0.45,4.99,https://www.tcgplayer.com/product/685679/riftbound-league-of-legends-trading-card-game-unleashed-eclipse,https://tcgplayer-cdn.tcgplayer.com/product/685679_200w.jpg
685654,064/219,Fate Weaver,Common,Base,Common,0.16,0.03,0.2,1.64,0.15,0.02,0.25,5,https://www.tcgplayer.com/product/685654/riftbound-league-of-legends-trading-card-game-unleashed-fate-weaver,https://tcgplayer-cdn.tcgplayer.com/product/685654_200w.jpg
684590,065/219,Icevale Archer,Common,Base,Common,0.23,0.04,0.25,2.08,0.26,0.08,0.27,4.99,https://www.tcgplayer.com/product/684590/riftbound-league-of-legends-trading-card-game-unleashed-icevale-archer,https://tcgplayer-cdn.tcgplayer.com/product/684590_200w.jpg
686274,066/219,Moonlight Affliction,Common,Base,Common,0.12,0.03,0.2,5,0.16,0.05,0.3,5,https://www.tcgplayer.com/product/686274/riftbound-league-of-legends-trading-card-game-unleashed-moonlight-affliction,https://tcgplayer-cdn.tcgplayer.com/product/686274_200w.jpg
685939,067/219,Ruined Rex,Common,Base,Common,0.17,0.04,0.25,1.77,0.52,0.21,0.63,4.99,https://www.tcgplayer.com/product/685939/riftbound-league-of-legends-trading-card-game-unleashed-ruined-rex,https://tcgplayer-cdn.tcgplayer.com/product/685939_200w.jpg
686276,068/219,Spectral Centaur,Common,Base,Common,0.23,0.04,0.25,1.66,0.27,0.05,0.35,7.98,https://www.tcgplayer.com/product/686276/riftbound-league-of-legends-trading-card-game-unleashed-spectral-centaur,https://tcgplayer-cdn.tcgplayer.com/product/686276_200w.jpg
685933,069/219,Sprite Burst,Common,Base,Common,0.17,0.04,0.25,2.13,0.53,0.1,0.59,4.99,https://www.tcgplayer.com/product/685933/riftbound-league-of-legends-trading-card-game-unleashed-sprite-burst,https://tcgplayer-cdn.tcgplayer.com/product/685933_200w.jpg
685490,070/219,Turn to Dust,Common,Base,Common,0.16,0.04,0.25,3,0.63,0.24,1,144,https://www.tcgplayer.com/product/685490/riftbound-league-of-legends-trading-card-game-unleashed-turn-to-dust,https://tcgplayer-cdn.tcgplayer.com/product/685490_200w.jpg
685680,076/219,Petal Pixie,Common,Base,Common,0.15,0.07,0.25,1.61,0.87,0.3,0.89,2.99,https://www.tcgplayer.com/product/685680/riftbound-league-of-legends-trading-card-game-unleashed-petal-pixie,https://tcgplayer-cdn.tcgplayer.com/product/685680_200w.jpg
685200,091/219,Concentrate,Common,Base,Common,0.14,0.02,0.25,1.58,0.57,0.1,0.58,2.39,https://www.tcgplayer.com/product/685200/riftbound-league-of-legends-trading-card-game-unleashed-concentrate,https://tcgplayer-cdn.tcgplayer.com/product/685200_200w.jpg
684598,092/219,Demacian Diplomat,Common,Base,Common,0.17,0.04,0.25,1.58,0.35,0.02,0.38,5,https://www.tcgplayer.com/product/684598/riftbound-league-of-legends-trading-card-game-unleashed-demacian-diplomat,https://tcgplayer-cdn.tcgplayer.com/product/684598_200w.jpg
685681,093/219,Dragonsoul Sage,Common,Base,Common,0.15,0.04,0.25,2.08,0.33,0.03,0.48,5.25,https://www.tcgplayer.com/product/685681/riftbound-league-of-legends-trading-card-game-unleashed-dragonsoul-sage,https://tcgplayer-cdn.tcgplayer.com/product/685681_200w.jpg
684206,094/219,Gemhand Hunter,Common,Base,Common,0.17,0.04,0.25,2.5,0.81,0.13,0.95,4.99,https://www.tcgplayer.com/product/684206/riftbound-league-of-legends-trading-card-game-unleashed-gemhand-hunter,https://tcgplayer-cdn.tcgplayer.com/product/684206_200w.jpg
685917,095/219,Grim Resolve,Common,Base,Common,0.14,0.04,0.25,2.08,0.32,0.05,0.36,5.38,https://www.tcgplayer.com/product/685917/riftbound-league-of-legends-trading-card-game-unleashed-grim-resolve,https://tcgplayer-cdn.tcgplayer.com/product/685917_200w.jpg
684484,096/219,Hunter's Machete,Common,Base,Common,0.21,0.04,0.25,1.43,0.45,0.1,0.46,5,https://www.tcgplayer.com/product/684484/riftbound-league-of-legends-trading-card-game-unleashed-hunters-machete,https://tcgplayer-cdn.tcgplayer.com/product/684484_200w.jpg
685938,097/219,Kinkou Initiate,Common,Base,Common,0.14,0.04,0.24,2.5,0.78,0.03,0.82,4.99,https://www.tcgplayer.com/product/685938/riftbound-league-of-legends-trading-card-game-unleashed-kinkou-initiate,https://tcgplayer-cdn.tcgplayer.com/product/685938_200w.jpg
685536,098/219,Targonian Visionary,Common,Base,Common,0.27,0.04,0.26,1.64,0.64,0.04,0.6,4.99,https://www.tcgplayer.com/product/685536/riftbound-league-of-legends-trading-card-game-unleashed-targonian-visionary,https://tcgplayer-cdn.tcgplayer.com/product/685536_200w.jpg
686322,099/219,Towering Combatant,Common,Base,Common,0.09,0.03,0.2,1.64,0.24,0.06,0.34,5,https://www.tcgplayer.com/product/686322/riftbound-league-of-legends-trading-card-game-unleashed-towering-combatant,https://tcgplayer-cdn.tcgplayer.com/product/686322_200w.jpg
685590,100/219,Voracious Gromp,Common,Base,Common,0.23,0.04,0.25,1.59,0.48,0.03,0.52,4.99,https://www.tcgplayer.com/product/685590/riftbound-league-of-legends-trading-card-game-unleashed-voracious-gromp,https://tcgplayer-cdn.tcgplayer.com/product/685590_200w.jpg
685592,121/219,Bewitching Spirit,Common,Base,Common,0.11,0.02,0.25,4.18,0.36,0.01,0.41,4.99,https://www.tcgplayer.com/product/685592/riftbound-league-of-legends-trading-card-game-unleashed-bewitching-spirit,https://tcgplayer-cdn.tcgplayer.com/product/685592_200w.jpg
684493,122/219,Crescent Guardian,Common,Base,Common,0.32,0.02,0.31,1.4,0.21,0.02,0.25,5,https://www.tcgplayer.com/product/684493/riftbound-league-of-legends-trading-card-game-unleashed-crescent-guardian,https://tcgplayer-cdn.tcgplayer.com/product/684493_200w.jpg
685593,123/219,Evershade Stalker,Common,Base,Common,0.2,0.04,0.21,1.65,0.48,0.01,0.48,5.19,https://www.tcgplayer.com/product/685593/riftbound-league-of-legends-trading-card-game-unleashed-evershade-stalker,https://tcgplayer-cdn.tcgplayer.com/product/685593_200w.jpg
685530,124/219,Isolate,Common,Base,Common,0.25,0.04,0.27,1.42,0.75,0.06,0.8,4,https://www.tcgplayer.com/product/685530/riftbound-league-of-legends-trading-card-game-unleashed-isolate,https://tcgplayer-cdn.tcgplayer.com/product/685530_200w.jpg
686327,125/219,Lunar Boon,Common,Base,Common,0.15,0.04,0.25,1.42,0.43,0.1,0.56,9.99,https://www.tcgplayer.com/product/686327/riftbound-league-of-legends-trading-card-game-unleashed-lunar-boon,https://tcgplayer-cdn.tcgplayer.com/product/686327_200w.jpg
685204,126/219,Megatusk,Common,Base,Common,0.08,0.02,0.2,1.6,0.15,0.01,0.25,5,https://www.tcgplayer.com/product/685204/riftbound-league-of-legends-trading-card-game-unleashed-megatusk,https://tcgplayer-cdn.tcgplayer.com/product/685204_200w.jpg
685583,127/219,Mister Root,Common,Base,Common,0.17,0.04,0.2,1.6,0.42,0.04,0.5,5.03,https://www.tcgplayer.com/product/685583/riftbound-league-of-legends-trading-card-game-unleashed-mister-root,https://tcgplayer-cdn.tcgplayer.com/product/685583_200w.jpg
684604,128/219,Star-Crossed,Common,Base,Common,0.14,0.04,0.25,2.08,0.82,0.25,0.95,9.99,https://www.tcgplayer.com/product/684604/riftbound-league-of-legends-trading-card-game-unleashed-star-crossed,https://tcgplayer-cdn.tcgplayer.com/product/684604_200w.jpg
686328,129/219,Vicious Snapjaws,Common,Base,Common,0.1,0.03,0.2,1.6,0.36,0.1,0.38,4.99,https://www.tcgplayer.com/product/686328/riftbound-league-of-legends-trading-card-game-unleashed-vicious-snapjaws,https://tcgplayer-cdn.tcgplayer.com/product/686328_200w.jpg
684605,130/219,Walking Roost,Common,Base,Common,0.1,0.03,0.2,1.6,0.19,0.09,0.35,6.98,https://www.tcgplayer.com/product/684605/riftbound-league-of-legends-trading-card-game-unleashed-walking-roost,https://tcgplayer-cdn.tcgplayer.com/product/684605_200w.jpg
686333,151/219,Bandle Soldier,Common,Base,Common,0.13,0.02,0.2,1.6,0.19,0.04,0.25,5,https://www.tcgplayer.com/product/686333/riftbound-league-of-legends-trading-card-game-unleashed-bandle-soldier,https://tcgplayer-cdn.tcgplayer.com/product/686333_200w.jpg
685682,152/219,Black Rose Dignitary,Common,Base,Common,0.15,0.04,0.21,1.42,0.31,0.1,0.66,4.99,https://www.tcgplayer.com/product/685682/riftbound-league-of-legends-trading-card-game-unleashed-black-rose-dignitary,https://tcgplayer-cdn.tcgplayer.com/product/685682_200w.jpg
686334,153/219,Carrion Dredger,Common,Base,Common,0.16,0.04,0.22,2.18,0.76,0.03,0.9,4.99,https://www.tcgplayer.com/product/686334/riftbound-league-of-legends-trading-card-game-unleashed-carrion-dredger,https://tcgplayer-cdn.tcgplayer.com/product/686334_200w.jpg
684610,154/219,Crimson Pigeons,Common,Base,Common,0.19,0.04,0.22,1.6,0.29,0.05,0.35,5,https://www.tcgplayer.com/product/684610/riftbound-league-of-legends-trading-card-game-unleashed-crimson-pigeons,https://tcgplayer-cdn.tcgplayer.com/product/684610_200w.jpg
685594,155/219,Heroic Charge,Common,Base,Common,0.15,0.04,0.2,2.08,0.48,0.1,0.51,3.8,https://www.tcgplayer.com/product/685594/riftbound-league-of-legends-trading-card-game-unleashed-heroic-charge,https://tcgplayer-cdn.tcgplayer.com/product/685594_200w.jpg
684611,156/219,Loyal Poro,Common,Base,Common,0.13,0.04,0.25,1.42,0.51,0.15,0.52,5.43,https://www.tcgplayer.com/product/684611/riftbound-league-of-legends-trading-card-game-unleashed-loyal-poro,https://tcgplayer-cdn.tcgplayer.com/product/684611_200w.jpg
684612,157/219,Scrutinizing Sergeant,Common,Base,Common,0.17,0.02,0.2,1.6,0.15,0.02,0.25,7.63,https://www.tcgplayer.com/product/684612/riftbound-league-of-legends-trading-card-game-unleashed-scrutinizing-sergeant,https://tcgplayer-cdn.tcgplayer.com/product/684612_200w.jpg
686335,158/219,Shepherd's Heirloom,Common,Base,Common,0.16,0.02,0.21,1.65,0.42,0.15,0.75,5.38,https://www.tcgplayer.com/product/686335/riftbound-league-of-legends-trading-card-game-unleashed-shepherds-heirloom,https://tcgplayer-cdn.tcgplayer.com/product/686335_200w.jpg
686336,159/219,Soul Harvest,Common,Base,Common,0.27,0.02,0.27,1.4,0.17,0.03,0.25,4.99,https://www.tcgplayer.com/product/686336/riftbound-league-of-legends-trading-card-game-unleashed-soul-harvest,https://tcgplayer-cdn.tcgplayer.com/product/686336_200w.jpg
684613,160/219,Ultrasoft Poro,Common,Base,Common,0.28,0.04,0.28,1.42,0.35,0.08,0.49,4.99,https://www.tcgplayer.com/product/684613/riftbound-league-of-legends-trading-card-game-unleashed-ultrasoft-poro,https://tcgplayer-cdn.tcgplayer.com/product/684613_200w.jpg
684531,011/219,Fresh Beans,Uncommon,Base,Uncommon,0.22,0.03,0.25,1.41,0.67,0.13,0.75,5.49,https://www.tcgplayer.com/product/684531/riftbound-league-of-legends-trading-card-game-unleashed-fresh-beans,https://tcgplayer-cdn.tcgplayer.com/product/684531_200w.jpg
685676,012/219,Lord Broadmane,Uncommon,Base,Uncommon,0.16,0.03,0.25,1.71,0.66,0.24,0.71,4.99,https://www.tcgplayer.com/product/685676/riftbound-league-of-legends-trading-card-game-unleashed-lord-broadmane,https://tcgplayer-cdn.tcgplayer.com/product/685676_200w.jpg
685586,013/219,Lotus Trap,Uncommon,Base,Uncommon,0.17,0.03,0.25,1.41,1.25,0.32,1.3,4.99,https://www.tcgplayer.com/product/685586/riftbound-league-of-legends-trading-card-game-unleashed-lotus-trap,https://tcgplayer-cdn.tcgplayer.com/product/685586_200w.jpg
685944,014/219,Monster Harpoon,Uncommon,Base,Uncommon,0.13,0.04,0.25,1.8,0.42,0.1,0.59,5.29,https://www.tcgplayer.com/product/685944/riftbound-league-of-legends-trading-card-game-unleashed-monster-harpoon,https://tcgplayer-cdn.tcgplayer.com/product/685944_200w.jpg
685584,015/219,Right of Conquest,Uncommon,Base,Uncommon,0.09,0.02,0.21,1.58,0.26,0.15,0.45,9.99,https://www.tcgplayer.com/product/685584/riftbound-league-of-legends-trading-card-game-unleashed-right-of-conquest,https://tcgplayer-cdn.tcgplayer.com/product/685584_200w.jpg
685943,016/219,Scorchclaw,Uncommon,Base,Uncommon,0.15,0.02,0.24,1.71,0.41,0.12,0.55,5.8,https://www.tcgplayer.com/product/685943/riftbound-league-of-legends-trading-card-game-unleashed-scorchclaw,https://tcgplayer-cdn.tcgplayer.com/product/685943_200w.jpg
686270,017/219,Square Up,Uncommon,Base,Uncommon,0.13,0.05,0.25,1.8,1.22,0.99,1.24,3.99,https://www.tcgplayer.com/product/686270/riftbound-league-of-legends-trading-card-game-unleashed-square-up,https://tcgplayer-cdn.tcgplayer.com/product/686270_200w.jpg
685655,018/219,Yeti Brawler,Uncommon,Base,Uncommon,0.14,0.04,0.25,1.61,0.64,0.38,0.67,6.29,https://www.tcgplayer.com/product/685655/riftbound-league-of-legends-trading-card-game-unleashed-yeti-brawler,https://tcgplayer-cdn.tcgplayer.com/product/685655_200w.jpg
686316,041/219,"Allay, Eager Admirer",Uncommon,Base,Uncommon,0.22,0.05,0.25,1.74,0.96,0.3,1,3.99,https://www.tcgplayer.com/product/686316/riftbound-league-of-legends-trading-card-game-unleashed-allay-eager-admirer,https://tcgplayer-cdn.tcgplayer.com/product/686316_200w.jpg
684651,042/219,Back Off,Uncommon,Base,Uncommon,0.25,0.1,0.28,1.8,2.09,1.7,2.5,9.99,https://www.tcgplayer.com/product/684651/riftbound-league-of-legends-trading-card-game-unleashed-back-off,https://tcgplayer-cdn.tcgplayer.com/product/684651_200w.jpg
685489,043/219,Enthusiastic Promoter,Uncommon,Base,Uncommon,0.2,0.03,0.25,1.75,0.56,0.37,0.73,5,https://www.tcgplayer.com/product/685489/riftbound-league-of-legends-trading-card-game-unleashed-enthusiastic-promoter,https://tcgplayer-cdn.tcgplayer.com/product/685489_200w.jpg
686272,044/219,Flurry of Feathers,Uncommon,Base,Uncommon,0.23,0.04,0.25,5,1.78,0.49,1.97,9.99,https://www.tcgplayer.com/product/686272/riftbound-league-of-legends-trading-card-game-unleashed-flurry-of-feathers,https://tcgplayer-cdn.tcgplayer.com/product/686272_200w.jpg
684652,046/219,Friendship,Uncommon,Base,Uncommon,0.22,0.1,0.25,22,0.94,0.1,1,4.53,https://www.tcgplayer.com/product/684652/riftbound-league-of-legends-trading-card-game-unleashed-friendship,https://tcgplayer-cdn.tcgplayer.com/product/684652_200w.jpg
684212,047/219,Mosstomper,Uncommon,Base,Uncommon,0.17,0.04,0.27,2,0.46,0.25,0.5,3.99,https://www.tcgplayer.com/product/684212/riftbound-league-of-legends-trading-card-game-unleashed-mosstomper,https://tcgplayer-cdn.tcgplayer.com/product/684212_200w.jpg
686273,048/219,Trevor Snoozebottom,Uncommon,Base,Uncommon,0.2,0.02,0.25,1.71,0.46,0.13,0.6,52,https://www.tcgplayer.com/product/686273/riftbound-league-of-legends-trading-card-game-unleashed-trevor-snoozebottom,https://tcgplayer-cdn.tcgplayer.com/product/686273_200w.jpg
686277,071/219,Chakram Dancer,Uncommon,Base,Uncommon,0.17,0.01,0.25,1.4,0.35,0.05,0.44,4.99,https://www.tcgplayer.com/product/686277/riftbound-league-of-legends-trading-card-game-unleashed-chakram-dancer,https://tcgplayer-cdn.tcgplayer.com/product/686277_200w.jpg
684591,072/219,Crescent Strike,Uncommon,Base,Uncommon,0.19,0.04,0.25,3,0.4,0.24,0.5,4.99,https://www.tcgplayer.com/product/684591/riftbound-league-of-legends-trading-card-game-unleashed-crescent-strike,https://tcgplayer-cdn.tcgplayer.com/product/684591_200w.jpg
684655,073/219,Deadly Flourish,Uncommon,Base,Uncommon,0.25,0.08,0.25,1.74,2.53,1.2,2.61,9.99,https://www.tcgplayer.com/product/684655/riftbound-league-of-legends-trading-card-game-unleashed-deadly-flourish,https://tcgplayer-cdn.tcgplayer.com/product/684655_200w.jpg
684126,074/219,Frigid Jewel,Uncommon,Base,Uncommon,0.18,0.05,0.25,1.7,1.33,0.43,1.42,6.87,https://www.tcgplayer.com/product/684126/riftbound-league-of-legends-trading-card-game-unleashed-frigid-jewel,https://tcgplayer-cdn.tcgplayer.com/product/684126_200w.jpg
685196,075/219,Gustwalker,Uncommon,Base,Uncommon,0.12,0.03,0.25,1.74,0.57,0.41,0.6,5.04,https://www.tcgplayer.com/product/685196/riftbound-league-of-legends-trading-card-game-unleashed-gustwalker,https://tcgplayer-cdn.tcgplayer.com/product/685196_200w.jpg
684649,077/219,Soul Shepherd,Uncommon,Base,Uncommon,0.18,0.01,0.3,3,0.7,0.4,0.71,3.25,https://www.tcgplayer.com/product/684649/riftbound-league-of-legends-trading-card-game-unleashed-soul-shepherd,https://tcgplayer-cdn.tcgplayer.com/product/684649_200w.jpg
685589,078/219,Sprite Fountain,Uncommon,Base,Uncommon,0.72,0.33,0.75,1.95,3.16,2.25,3.16,4,https://www.tcgplayer.com/product/685589/riftbound-league-of-legends-trading-card-game-unleashed-sprite-fountain,https://tcgplayer-cdn.tcgplayer.com/product/685589_200w.jpg
684599,101/219,Call to Battle,Uncommon,Base,Uncommon,0.17,0.02,0.25,1.74,0.27,0.1,0.37,5.58,https://www.tcgplayer.com/product/684599/riftbound-league-of-legends-trading-card-game-unleashed-call-to-battle,https://tcgplayer-cdn.tcgplayer.com/product/684599_200w.jpg
684123,102/219,Crowd Favorite,Uncommon,Base,Uncommon,0.25,0.03,0.29,1.74,0.22,0.08,0.27,5,https://www.tcgplayer.com/product/684123/riftbound-league-of-legends-trading-card-game-unleashed-crowd-favorite,https://tcgplayer-cdn.tcgplayer.com/product/684123_200w.jpg
685573,103/219,Disposal Order,Uncommon,Base,Uncommon,0.31,0.03,0.35,1.77,0.76,0.24,0.78,5,https://www.tcgplayer.com/product/685573/riftbound-league-of-legends-trading-card-game-unleashed-disposal-order,https://tcgplayer-cdn.tcgplayer.com/product/685573_200w.jpg
685653,104/219,Gentle Gemdragon,Uncommon,Base,Uncommon,0.3,0.04,0.42,2,1.17,0.16,1.37,4.99,https://www.tcgplayer.com/product/685653/riftbound-league-of-legends-trading-card-game-unleashed-gentle-gemdragon,https://tcgplayer-cdn.tcgplayer.com/product/685653_200w.jpg
686278,105/219,Imposing Challenger,Uncommon,Base,Uncommon,0.22,0.03,0.26,1.8,1.07,0.39,1.27,4.99,https://www.tcgplayer.com/product/686278/riftbound-league-of-legends-trading-card-game-unleashed-imposing-challenger,https://tcgplayer-cdn.tcgplayer.com/product/686278_200w.jpg
686323,106/219,Repulse,Uncommon,Base,Uncommon,0.56,0.24,0.58,2,3.07,2.99,3.43,14.91,https://www.tcgplayer.com/product/686323/riftbound-league-of-legends-trading-card-game-unleashed-repulse,https://tcgplayer-cdn.tcgplayer.com/product/686323_200w.jpg
685656,107/219,Stare Down,Uncommon,Base,Uncommon,0.19,0.04,0.25,1.43,1.21,0.5,1.29,6.83,https://www.tcgplayer.com/product/685656/riftbound-league-of-legends-trading-card-game-unleashed-stare-down,https://tcgplayer-cdn.tcgplayer.com/product/685656_200w.jpg
685006,108/219,Wily Newtfish,Uncommon,Base,Uncommon,0.21,0.03,0.25,1.61,0.56,0.32,0.62,5.05,https://www.tcgplayer.com/product/685006/riftbound-league-of-legends-trading-card-game-unleashed-wily-newtfish,https://tcgplayer-cdn.tcgplayer.com/product/685006_200w.jpg
684202,131/219,Abandon,Uncommon,Base,Uncommon,0.3,0.24,0.39,2.99,4.52,3,4.69,6.74,https://www.tcgplayer.com/product/684202/riftbound-league-of-legends-trading-card-game-unleashed-abandon,https://tcgplayer-cdn.tcgplayer.com/product/684202_200w.jpg
686329,132/219,Angler Beast,Uncommon,Base,Uncommon,0.17,0.04,0.25,1.55,0.52,0.2,0.56,4.99,https://www.tcgplayer.com/product/686329/riftbound-league-of-legends-trading-card-game-unleashed-angler-beast,https://tcgplayer-cdn.tcgplayer.com/product/686329_200w.jpg
685582,133/219,Blast Cone,Uncommon,Base,Uncommon,0.16,0.02,0.25,2,0.33,0.05,0.37,5.66,https://www.tcgplayer.com/product/685582/riftbound-league-of-legends-trading-card-game-unleashed-blast-cone,https://tcgplayer-cdn.tcgplayer.com/product/685582_200w.jpg
685020,134/219,Existential Dread,Uncommon,Base,Uncommon,0.25,0.09,0.3,2.99,3.25,0.5,3.5,19.99,https://www.tcgplayer.com/product/685020/riftbound-league-of-legends-trading-card-game-unleashed-existential-dread,https://tcgplayer-cdn.tcgplayer.com/product/685020_200w.jpg
684494,135/219,Insightful Investigator,Uncommon,Base,Uncommon,0.15,0.03,0.25,1.74,0.96,0.5,1.03,6.98,https://www.tcgplayer.com/product/684494/riftbound-league-of-legends-trading-card-game-unleashed-insightful-investigator,https://tcgplayer-cdn.tcgplayer.com/product/684494_200w.jpg
686330,136/219,Scryer's Bloom,Uncommon,Base,Uncommon,0.19,0.04,0.25,2.99,0.59,0.33,0.71,8.98,https://www.tcgplayer.com/product/686330/riftbound-league-of-legends-trading-card-game-unleashed-scryers-bloom,https://tcgplayer-cdn.tcgplayer.com/product/686330_200w.jpg
684606,137/219,Sinister Poro,Uncommon,Base,Uncommon,0.2,0.05,0.26,1.43,0.92,0.4,0.97,6.98,https://www.tcgplayer.com/product/684606/riftbound-league-of-legends-trading-card-game-unleashed-sinister-poro,https://tcgplayer-cdn.tcgplayer.com/product/684606_200w.jpg
684607,138/219,The List,Uncommon,Base,Uncommon,0.32,0.15,0.42,1.58,0.78,0.65,0.88,6.29,https://www.tcgplayer.com/product/684607/riftbound-league-of-legends-trading-card-game-unleashed-the-list,https://tcgplayer-cdn.tcgplayer.com/product/684607_200w.jpg
685936,161/219,Divining Shells,Uncommon,Base,Uncommon,0.22,0.03,0.28,1.48,0.66,0.1,0.69,5,https://www.tcgplayer.com/product/685936/riftbound-league-of-legends-trading-card-game-unleashed-divining-shells,https://tcgplayer-cdn.tcgplayer.com/product/685936_200w.jpg
685534,162/219,Enthralling Protector,Uncommon,Base,Uncommon,0.14,0.02,0.25,1.6,0.28,0.18,0.35,5,https://www.tcgplayer.com/product/685534/riftbound-league-of-legends-trading-card-game-unleashed-enthralling-protector,https://tcgplayer-cdn.tcgplayer.com/product/685534_200w.jpg
684654,163/219,Mageseeker Investigator,Uncommon,Base,Uncommon,0.18,0.04,0.25,1.74,0.27,0.24,0.78,15,https://www.tcgplayer.com/product/684654/riftbound-league-of-legends-trading-card-game-unleashed-mageseeker-investigator,https://tcgplayer-cdn.tcgplayer.com/product/684654_200w.jpg
685934,164/219,Safety Inspector,Uncommon,Base,Uncommon,0.18,0.04,0.25,1.8,1.09,0.4,1.17,5,https://www.tcgplayer.com/product/685934/riftbound-league-of-legends-trading-card-game-unleashed-safety-inspector,https://tcgplayer-cdn.tcgplayer.com/product/685934_200w.jpg
685253,165/219,Shadow's Call,Uncommon,Base,Uncommon,0.47,0.15,0.47,1.62,0.96,0.9,1.7,9.99,https://www.tcgplayer.com/product/685253/riftbound-league-of-legends-trading-card-game-unleashed-shadows-call,https://tcgplayer-cdn.tcgplayer.com/product/685253_200w.jpg
684614,166/219,Stalking Wolf,Uncommon,Base,Uncommon,0.22,0.03,0.33,1.42,0.32,0.07,0.36,6.99,https://www.tcgplayer.com/product/684614/riftbound-league-of-legends-trading-card-game-unleashed-stalking-wolf,https://tcgplayer-cdn.tcgplayer.com/product/684614_200w.jpg
685529,167/219,Starhound,Uncommon,Base,Uncommon,0.13,0.03,0.25,1.41,0.64,0.25,0.68,3.99,https://www.tcgplayer.com/product/685529/riftbound-league-of-legends-trading-card-game-unleashed-starhound,https://tcgplayer-cdn.tcgplayer.com/product/685529_200w.jpg
684650,168/219,Undying Loyalty,Uncommon,Base,Uncommon,0.29,0.1,0.31,1.51,1.38,0.7,1.45,4.28,https://www.tcgplayer.com/product/684650/riftbound-league-of-legends-trading-card-game-unleashed-undying-loyalty,https://tcgplayer-cdn.tcgplayer.com/product/684650_200w.jpg
685683,205/219,Abandoned Hall,Uncommon,Base,Uncommon,0.12,0.03,0.25,2,0.96,0.61,1.52,5.03,https://www.tcgplayer.com/product/685683/riftbound-league-of-legends-trading-card-game-unleashed-abandoned-hall,https://tcgplayer-cdn.tcgplayer.com/product/685683_200w.jpg
685951,206/219,Altar of Blood,Uncommon,Base,Uncommon,0.3,0.01,0.32,1.39,0.3,0.01,0.38,6.98,https://www.tcgplayer.com/product/685951/riftbound-league-of-legends-trading-card-game-unleashed-altar-of-blood,https://tcgplayer-cdn.tcgplayer.com/product/685951_200w.jpg
685952,207/219,Amateur Recital,Uncommon,Base,Uncommon,0.17,0.02,0.25,2.18,0.44,0.15,0.5,3.88,https://www.tcgplayer.com/product/685952/riftbound-league-of-legends-trading-card-game-unleashed-amateur-recital,https://tcgplayer-cdn.tcgplayer.com/product/685952_200w.jpg
685493,208/219,Black Flame Altar,Uncommon,Base,Uncommon,0.14,0.02,0.25,1.5,0.33,0.12,0.37,5.3,https://www.tcgplayer.com/product/685493/riftbound-league-of-legends-trading-card-game-unleashed-black-flame-altar,https://tcgplayer-cdn.tcgplayer.com/product/685493_200w.jpg
685021,209/219,Dusk Rose Lab,Uncommon,Base,Uncommon,0.14,0.02,0.25,1.5,0.35,0.1,0.5,8.99,https://www.tcgplayer.com/product/685021/riftbound-league-of-legends-trading-card-game-unleashed-dusk-rose-lab,https://tcgplayer-cdn.tcgplayer.com/product/685021_200w.jpg
685022,210/219,Forbidding Waste,Uncommon,Base,Uncommon,0.13,0.03,0.25,1.55,0.45,0.15,0.55,4.99,https://www.tcgplayer.com/product/685022/riftbound-league-of-legends-trading-card-game-unleashed-forbidding-waste,https://tcgplayer-cdn.tcgplayer.com/product/685022_200w.jpg
685023,211/219,Forgotten Library,Uncommon,Base,Uncommon,0.21,0.02,0.25,1.41,0.88,0.08,1.2,5.1,https://www.tcgplayer.com/product/685023/riftbound-league-of-legends-trading-card-game-unleashed-forgotten-library,https://tcgplayer-cdn.tcgplayer.com/product/685023_200w.jpg
684678,212/219,Frozen Fortress,Uncommon,Base,Uncommon,0.23,0.03,0.25,1.42,0.91,0.12,0.98,5.25,https://www.tcgplayer.com/product/684678/riftbound-league-of-legends-trading-card-game-unleashed-frozen-fortress,https://tcgplayer-cdn.tcgplayer.com/product/684678_200w.jpg
684675,213/219,Gardens of Becoming,Uncommon,Base,Uncommon,0.24,0.03,0.27,2.08,0.63,0.35,0.68,5.19,https://www.tcgplayer.com/product/684675/riftbound-league-of-legends-trading-card-game-unleashed-gardens-of-becoming,https://tcgplayer-cdn.tcgplayer.com/product/684675_200w.jpg
684677,214/219,Ripper's Bay,Uncommon,Base,Uncommon,0.45,0.03,0.47,1.5,1.13,0.02,1.25,6.18,https://www.tcgplayer.com/product/684677/riftbound-league-of-legends-trading-card-game-unleashed-rippers-bay,https://tcgplayer-cdn.tcgplayer.com/product/684677_200w.jpg
685601,215/219,Star Spring,Uncommon,Base,Uncommon,0.14,0.02,0.25,2.18,1.7,0.75,1.85,5.19,https://www.tcgplayer.com/product/685601/riftbound-league-of-legends-trading-card-game-unleashed-star-spring,https://tcgplayer-cdn.tcgplayer.com/product/685601_200w.jpg
685025,216/219,The Academy,Uncommon,Base,Uncommon,0.41,0.02,0.41,1.41,1.27,0.04,1.36,4.99,https://www.tcgplayer.com/product/685025/riftbound-league-of-legends-trading-card-game-unleashed-the-academy,https://tcgplayer-cdn.tcgplayer.com/product/685025_200w.jpg
685193,217/219,Trapping Grounds,Uncommon,Base,Uncommon,0.19,0.02,0.25,2.68,0.63,0.25,0.7,5.48,https://www.tcgplayer.com/product/685193/riftbound-league-of-legends-trading-card-game-unleashed-trapping-grounds,https://tcgplayer-cdn.tcgplayer.com/product/685193_200w.jpg
686338,218/219,Valley of Idols,Uncommon,Base,Uncommon,0.27,0.02,0.28,2.38,0.81,0.15,0.99,6.19,https://www.tcgplayer.com/product/686338/riftbound-league-of-legends-trading-card-game-unleashed-valley-of-idols,https://tcgplayer-cdn.tcgplayer.com/product/686338_200w.jpg
684676,219/219,Vaults of Helia,Uncommon,Base,Uncommon,0.48,0.02,0.5,1.5,1.43,0.64,1.48,7.98,https://www.tcgplayer.com/product/684676/riftbound-league-of-legends-trading-card-game-unleashed-vaults-of-helia,https://tcgplayer-cdn.tcgplayer.com/product/684676_200w.jpg
684668,019/219,Blighted Battleaxe,Rare,Base,Rare,,,,,0.22,0.07,0.43,10.5,https://www.tcgplayer.com/product/684668/riftbound-league-of-legends-trading-card-game-unleashed-blighted-battleaxe,https://tcgplayer-cdn.tcgplayer.com/product/684668_200w.jpg
684488,020/219,Dancing Grenade,Rare,Base,Rare,,,,,0.21,0.03,0.36,6.99,https://www.tcgplayer.com/product/684488/riftbound-league-of-legends-trading-card-game-unleashed-dancing-grenade,https://tcgplayer-cdn.tcgplayer.com/product/684488_200w.jpg
686313,021/219,Grim Apothecary,Rare,Base,Rare,,,,,0.2,0.01,0.36,8,https://www.tcgplayer.com/product/686313/riftbound-league-of-legends-trading-card-game-unleashed-grim-apothecary,https://tcgplayer-cdn.tcgplayer.com/product/686313_200w.jpg
684489,022/219,Jhin - Murderous Artist,Rare,Base,Rare,,,,,0.38,0.05,0.49,25,https://www.tcgplayer.com/product/684489/riftbound-league-of-legends-trading-card-game-unleashed-jhin-murderous-artist,https://tcgplayer-cdn.tcgplayer.com/product/684489_200w.jpg
686314,023/219,Katarina - Reckless,Rare,Base,Rare,,,,,0.29,0.06,0.43,4.99,https://www.tcgplayer.com/product/686314/riftbound-league-of-legends-trading-card-game-unleashed-katarina-reckless,https://tcgplayer-cdn.tcgplayer.com/product/686314_200w.jpg
685487,024/219,Rengar - Unseen,Rare,Base,Rare,,,,,0.39,0.15,0.64,15,https://www.tcgplayer.com/product/685487/riftbound-league-of-legends-trading-card-game-unleashed-rengar-unseen,https://tcgplayer-cdn.tcgplayer.com/product/685487_200w.jpg
685571,025/219,Undying Legion,Rare,Base,Rare,,,,,0.2,0.02,0.25,10.5,https://www.tcgplayer.com/product/685571/riftbound-league-of-legends-trading-card-game-unleashed-undying-legion,https://tcgplayer-cdn.tcgplayer.com/product/685571_200w.jpg
685587,026/219,Xerath - Freed,Rare,Base,Rare,,,,,0.21,0.07,0.34,4.99,https://www.tcgplayer.com/product/685587/riftbound-league-of-legends-trading-card-game-unleashed-xerath-freed,https://tcgplayer-cdn.tcgplayer.com/product/685587_200w.jpg
685658,049/219,Honeyfruit,Rare,Base,Rare,,,,,0.24,0.04,0.37,20,https://www.tcgplayer.com/product/685658/riftbound-league-of-legends-trading-card-game-unleashed-honeyfruit,https://tcgplayer-cdn.tcgplayer.com/product/685658_200w.jpg
684483,050/219,Iascylla,Rare,Base,Rare,,,,,0.18,0.09,0.25,5,https://www.tcgplayer.com/product/684483/riftbound-league-of-legends-trading-card-game-unleashed-iascylla,https://tcgplayer-cdn.tcgplayer.com/product/684483_200w.jpg
684511,051/219,Ivern - Nurturer,Rare,Base,Rare,,,,,0.23,0.03,0.33,6.31,https://www.tcgplayer.com/product/684511/riftbound-league-of-legends-trading-card-game-unleashed-ivern-nurturer,https://tcgplayer-cdn.tcgplayer.com/product/684511_200w.jpg
685947,052/219,Nami - Headstrong,Rare,Base,Rare,,,,,0.55,0.25,0.75,5.51,https://www.tcgplayer.com/product/685947/riftbound-league-of-legends-trading-card-game-unleashed-nami-headstrong,https://tcgplayer-cdn.tcgplayer.com/product/685947_200w.jpg
685519,053/219,Scuttle Crab,Rare,Base,Rare,,,,,0.52,0.25,0.75,25,https://www.tcgplayer.com/product/685519/riftbound-league-of-legends-trading-card-game-unleashed-scuttle-crab,https://tcgplayer-cdn.tcgplayer.com/product/685519_200w.jpg
685570,054/219,Tricksy Tentacles,Rare,Base,Rare,,,,,0.33,0.05,0.5,20,https://www.tcgplayer.com/product/685570/riftbound-league-of-legends-trading-card-game-unleashed-tricksy-tentacles,https://tcgplayer-cdn.tcgplayer.com/product/685570_200w.jpg
686317,055/219,Vex - Mocking,Rare,Base,Rare,,,,,0.3,0.1,0.41,5,https://www.tcgplayer.com/product/686317/riftbound-league-of-legends-trading-card-game-unleashed-vex-mocking,https://tcgplayer-cdn.tcgplayer.com/product/686317_200w.jpg
684538,056/219,Yuumi - Magical Cat,Rare,Base,Rare,,,,,0.2,0.03,0.3,7.5,https://www.tcgplayer.com/product/684538/riftbound-league-of-legends-trading-card-game-unleashed-yuumi-magical-cat,https://tcgplayer-cdn.tcgplayer.com/product/684538_200w.jpg
684512,079/219,Diana - Lunari,Rare,Base,Rare,,,,,0.16,0.04,0.35,18.33,https://www.tcgplayer.com/product/684512/riftbound-league-of-legends-trading-card-game-unleashed-diana-lunari,https://tcgplayer-cdn.tcgplayer.com/product/684512_200w.jpg
684474,080/219,Hwei - Brooding Painter,Rare,Base,Rare,,,,,1.53,0.75,1.92,7,https://www.tcgplayer.com/product/684474/riftbound-league-of-legends-trading-card-game-unleashed-hwei-brooding-painter,https://tcgplayer-cdn.tcgplayer.com/product/684474_200w.jpg
686319,081/219,Keeper of Masks,Rare,Base,Rare,,,,,0.29,0.1,0.5,6.95,https://www.tcgplayer.com/product/686319/riftbound-league-of-legends-trading-card-game-unleashed-keeper-of-masks,https://tcgplayer-cdn.tcgplayer.com/product/686319_200w.jpg
686320,082/219,Lillia - Fae Fawn,Rare,Base,Rare,,,,,0.46,0.15,0.64,6.16,https://www.tcgplayer.com/product/686320/riftbound-league-of-legends-trading-card-game-unleashed-lillia-fae-fawn,https://tcgplayer-cdn.tcgplayer.com/product/686320_200w.jpg
685946,083/219,Smoke and Mirrors,Rare,Base,Rare,,,,,1.26,0.4,1.5,9.99,https://www.tcgplayer.com/product/685946/riftbound-league-of-legends-trading-card-game-unleashed-smoke-and-mirrors,https://tcgplayer-cdn.tcgplayer.com/product/685946_200w.jpg
685666,084/219,Sprite Queen,Rare,Base,Rare,,,,,0.31,0.01,0.4,5.57,https://www.tcgplayer.com/product/685666/riftbound-league-of-legends-trading-card-game-unleashed-sprite-queen,https://tcgplayer-cdn.tcgplayer.com/product/685666_200w.jpg
685572,085/219,Sumpworks Map,Rare,Base,Rare,,,,,0.16,0.01,0.25,4.99,https://www.tcgplayer.com/product/685572/riftbound-league-of-legends-trading-card-game-unleashed-sumpworks-map,https://tcgplayer-cdn.tcgplayer.com/product/685572_200w.jpg
685029,086/219,Zilean - Time Mage,Rare,Base,Rare,,,,,0.33,0.08,0.45,4.99,https://www.tcgplayer.com/product/685029/riftbound-league-of-legends-trading-card-game-unleashed-zilean-time-mage,https://tcgplayer-cdn.tcgplayer.com/product/685029_200w.jpg
685203,109/219,Blood Rose,Rare,Base,Rare,,,,,0.23,0.02,0.36,4.99,https://www.tcgplayer.com/product/685203/riftbound-league-of-legends-trading-card-game-unleashed-blood-rose,https://tcgplayer-cdn.tcgplayer.com/product/685203_200w.jpg
686324,110/219,Clash of Giants,Rare,Base,Rare,,,,,0.23,0.01,0.35,10.5,https://www.tcgplayer.com/product/686324/riftbound-league-of-legends-trading-card-game-unleashed-clash-of-giants,https://tcgplayer-cdn.tcgplayer.com/product/686324_200w.jpg
685538,111/219,Determined Sentry,Rare,Base,Rare,,,,,0.25,0.04,0.38,4.99,https://www.tcgplayer.com/product/685538/riftbound-league-of-legends-trading-card-game-unleashed-determined-sentry,https://tcgplayer-cdn.tcgplayer.com/product/685538_200w.jpg
686325,112/219,Irresistible Faefolk,Rare,Base,Rare,,,,,0.97,0.4,1.1,6.63,https://www.tcgplayer.com/product/686325/riftbound-league-of-legends-trading-card-game-unleashed-irresistible-faefolk,https://tcgplayer-cdn.tcgplayer.com/product/686325_200w.jpg
684600,113/219,Master Yi - Tempered,Rare,Base,Rare,,,,,0.21,0.08,0.3,20,https://www.tcgplayer.com/product/684600/riftbound-league-of-legends-trading-card-game-unleashed-master-yi-tempered,https://tcgplayer-cdn.tcgplayer.com/product/684600_200w.jpg
684207,114/219,Nidalee - Cat Form,Rare,Base,Rare,,,,,1.12,0.49,1.37,20,https://www.tcgplayer.com/product/684207/riftbound-league-of-legends-trading-card-game-unleashed-nidalee-cat-form,https://tcgplayer-cdn.tcgplayer.com/product/684207_200w.jpg
684486,115/219,Nilah - Joyful Ascetic,Rare,Base,Rare,,,,,0.35,0.06,0.72,5.81,https://www.tcgplayer.com/product/684486/riftbound-league-of-legends-trading-card-game-unleashed-nilah-joyful-ascetic,https://tcgplayer-cdn.tcgplayer.com/product/684486_200w.jpg
685520,116/219,Poppy - Paragon,Rare,Base,Rare,,,,,0.38,0.13,0.46,5.03,https://www.tcgplayer.com/product/685520/riftbound-league-of-legends-trading-card-game-unleashed-poppy-paragon,https://tcgplayer-cdn.tcgplayer.com/product/685520_200w.jpg
685535,139/219,Bone Skewer,Rare,Base,Rare,,,,,0.82,0.3,1,9.99,https://www.tcgplayer.com/product/685535/riftbound-league-of-legends-trading-card-game-unleashed-bone-skewer,https://tcgplayer-cdn.tcgplayer.com/product/685535_200w.jpg
686331,140/219,Conscription,Rare,Base,Rare,,,,,0.2,0.02,0.25,5,https://www.tcgplayer.com/product/686331/riftbound-league-of-legends-trading-card-game-unleashed-conscription,https://tcgplayer-cdn.tcgplayer.com/product/686331_200w.jpg
685664,141/219,Evelynn - Entrancing,Rare,Base,Rare,,,,,0.53,0.35,0.75,5.6,https://www.tcgplayer.com/product/685664/riftbound-league-of-legends-trading-card-game-unleashed-evelynn-entrancing,https://tcgplayer-cdn.tcgplayer.com/product/685664_200w.jpg
684478,142/219,Heedless Resurrection,Rare,Base,Rare,,,,,0.63,0.3,0.74,12.99,https://www.tcgplayer.com/product/684478/riftbound-league-of-legends-trading-card-game-unleashed-heedless-resurrection,https://tcgplayer-cdn.tcgplayer.com/product/684478_200w.jpg
685027,143/219,Kha'Zix - Mutating Horror,Rare,Base,Rare,,,,,0.2,0.04,0.25,15.75,https://www.tcgplayer.com/product/685027/riftbound-league-of-legends-trading-card-game-unleashed-khazix-mutating-horror,https://tcgplayer-cdn.tcgplayer.com/product/685027_200w.jpg
685948,144/219,Maduli the Gatekeeper,Rare,Base,Rare,,,,,0.12,0.01,0.25,15,https://www.tcgplayer.com/product/685948/riftbound-league-of-legends-trading-card-game-unleashed-maduli-the-gatekeeper,https://tcgplayer-cdn.tcgplayer.com/product/685948_200w.jpg
684509,145/219,Pyke - Returned,Rare,Base,Rare,,,,,0.35,0.1,0.55,10,https://www.tcgplayer.com/product/684509/riftbound-league-of-legends-trading-card-game-unleashed-pyke-returned,https://tcgplayer-cdn.tcgplayer.com/product/684509_200w.jpg
686332,146/219,Syndra - Transcendent,Rare,Base,Rare,,,,,0.37,0.15,0.5,20,https://www.tcgplayer.com/product/686332/riftbound-league-of-legends-trading-card-game-unleashed-syndra-transcendent,https://tcgplayer-cdn.tcgplayer.com/product/686332_200w.jpg
684497,169/219,Ashe - Focused,Rare,Base,Rare,,,,,0.54,0.15,0.73,11.13,https://www.tcgplayer.com/product/684497/riftbound-league-of-legends-trading-card-game-unleashed-ashe-focused,https://tcgplayer-cdn.tcgplayer.com/product/684497_200w.jpg
684498,170/219,Atakhan,Rare,Base,Rare,,,,,0.42,0.09,0.47,34,https://www.tcgplayer.com/product/684498/riftbound-league-of-legends-trading-card-game-unleashed-atakhan,https://tcgplayer-cdn.tcgplayer.com/product/684498_200w.jpg
685026,171/219,Galio - Indefatigable,Rare,Base,Rare,,,,,0.25,0.02,0.44,5.98,https://www.tcgplayer.com/product/685026/riftbound-league-of-legends-trading-card-game-unleashed-galio-indefatigable,https://tcgplayer-cdn.tcgplayer.com/product/685026_200w.jpg
685568,172/219,LeBlanc - Fragmented,Rare,Base,Rare,,,,,0.99,0.5,1.29,16.34,https://www.tcgplayer.com/product/685568/riftbound-league-of-legends-trading-card-game-unleashed-leblanc-fragmented,https://tcgplayer-cdn.tcgplayer.com/product/685568_200w.jpg
684479,173/219,Sacrifice,Rare,Base,Rare,,,,,3.79,2.7,6.13,11.65,https://www.tcgplayer.com/product/684479/riftbound-league-of-legends-trading-card-game-unleashed-sacrifice,https://tcgplayer-cdn.tcgplayer.com/product/684479_200w.jpg
686337,174/219,Shard of Undoing,Rare,Base,Rare,,,,,0.33,0.1,0.5,25,https://www.tcgplayer.com/product/686337/riftbound-league-of-legends-trading-card-game-unleashed-shard-of-undoing,https://tcgplayer-cdn.tcgplayer.com/product/686337_200w.jpg
685668,175/219,Tactical Retreat,Rare,Base,Rare,,,,,0.35,0.19,0.47,7.3,https://www.tcgplayer.com/product/685668/riftbound-league-of-legends-trading-card-game-unleashed-tactical-retreat,https://tcgplayer-cdn.tcgplayer.com/product/685668_200w.jpg
685595,176/219,Vi - Peacekeeper,Rare,Base,Rare,,,,,0.47,0.2,0.53,10,https://www.tcgplayer.com/product/685595/riftbound-league-of-legends-trading-card-game-unleashed-vi-peacekeeper,https://tcgplayer-cdn.tcgplayer.com/product/685595_200w.jpg
684500,181/219,Jhin - Virtuoso,Rare,Base,Rare,,,,,0.14,0.01,0.25,25,https://www.tcgplayer.com/product/684500/riftbound-league-of-legends-trading-card-game-unleashed-jhin-virtuoso,https://tcgplayer-cdn.tcgplayer.com/product/684500_200w.jpg
684618,183/219,Rengar - Pridestalker,Rare,Base,Rare,,,,,0.13,0.01,0.25,3,https://www.tcgplayer.com/product/684618/riftbound-league-of-legends-trading-card-game-unleashed-rengar-pridestalker,https://tcgplayer-cdn.tcgplayer.com/product/684618_200w.jpg
684619,185/219,Pyke - Bloodharbor Ripper,Rare,Base,Rare,,,,,0.2,0.04,0.25,8,https://www.tcgplayer.com/product/684619/riftbound-league-of-legends-trading-card-game-unleashed-pyke-bloodharbor-ripper,https://tcgplayer-cdn.tcgplayer.com/product/684619_200w.jpg
684475,187/219,Vi - Piltover Enforcer,Rare,Base,Rare,,,,,0.21,0.01,0.25,10,https://www.tcgplayer.com/product/684475/riftbound-league-of-legends-trading-card-game-unleashed-vi-piltover-enforcer,https://tcgplayer-cdn.tcgplayer.com/product/684475_200w.jpg
684102,189/219,Lillia - Bashful Bloom,Rare,Base,Rare,,,,,0.2,0.01,0.25,2.24,https://www.tcgplayer.com/product/684102/riftbound-league-of-legends-trading-card-game-unleashed-lillia-bashful-bloom,https://tcgplayer-cdn.tcgplayer.com/product/684102_200w.jpg
684620,191/219,Master Yi - Wuju Master,Rare,Base,Rare,,,,,0.11,0.02,0.25,2.96,https://www.tcgplayer.com/product/684620/riftbound-league-of-legends-trading-card-game-unleashed-master-yi-wuju-master,https://tcgplayer-cdn.tcgplayer.com/product/684620_200w.jpg
684214,193/219,Vex - Gloomist,Rare,Base,Rare,,,,,0.14,0.01,0.25,5,https://www.tcgplayer.com/product/684214/riftbound-league-of-legends-trading-card-game-unleashed-vex-gloomist,https://tcgplayer-cdn.tcgplayer.com/product/684214_200w.jpg
684115,195/219,Ivern - Green Father,Rare,Base,Rare,,,,,0.17,0.01,0.25,5,https://www.tcgplayer.com/product/684115/riftbound-league-of-legends-trading-card-game-unleashed-ivern-green-father,https://tcgplayer-cdn.tcgplayer.com/product/684115_200w.jpg
684103,197/219,Diana - Scorn of the Moon,Rare,Base,Rare,,,,,0.17,0.06,0.25,10,https://www.tcgplayer.com/product/684103/riftbound-league-of-legends-trading-card-game-unleashed-diana-scorn-of-the-moon,https://tcgplayer-cdn.tcgplayer.com/product/684103_200w.jpg
684208,199/219,LeBlanc - Deceiver,Rare,Base,Rare,,,,,0.17,0.03,0.25,25,https://www.tcgplayer.com/product/684208/riftbound-league-of-legends-trading-card-game-unleashed-leblanc-deceiver,https://tcgplayer-cdn.tcgplayer.com/product/684208_200w.jpg
684104,201/219,Kha'Zix - Voidreaver,Rare,Base,Rare,,,,,0.09,0.02,0.25,5,https://www.tcgplayer.com/product/684104/riftbound-league-of-legends-trading-card-game-unleashed-khazix-voidreaver,https://tcgplayer-cdn.tcgplayer.com/product/684104_200w.jpg
684523,203/219,Poppy - Keeper of the Hammer,Rare,Base,Rare,,,,,0.12,0.03,0.25,2,https://www.tcgplayer.com/product/684523/riftbound-league-of-legends-trading-card-game-unleashed-poppy-keeper-of-the-hammer,https://tcgplayer-cdn.tcgplayer.com/product/684523_200w.jpg
684510,027/219,Inviolus Vox,Epic,Base,Epic,,,,,1.26,1,2.49,13.99,https://www.tcgplayer.com/product/684510/riftbound-league-of-legends-trading-card-game-unleashed-inviolus-vox,https://tcgplayer-cdn.tcgplayer.com/product/684510_200w.jpg
685003,028/219,Pyke - Dockside Butcher,Epic,Base,Epic,,,,,3.45,3,4.56,21.47,https://www.tcgplayer.com/product/685003/riftbound-league-of-legends-trading-card-game-unleashed-pyke-dockside-butcher,https://tcgplayer-cdn.tcgplayer.com/product/685003_200w.jpg
685516,029/219,Red Brambleback,Epic,Base,Epic,,,,,1.92,1.59,3.74,33.02,https://www.tcgplayer.com/product/685516/riftbound-league-of-legends-trading-card-game-unleashed-red-brambleback,https://tcgplayer-cdn.tcgplayer.com/product/685516_200w.jpg
684585,030/219,Vi - Hotheaded,Epic,Base,Epic,,,,,0.75,0.5,1,90,https://www.tcgplayer.com/product/684585/riftbound-league-of-legends-trading-card-game-unleashed-vi-hotheaded,https://tcgplayer-cdn.tcgplayer.com/product/684585_200w.jpg
685945,057/219,Alpha Wildclaw,Epic,Base,Epic,,,,,1.9,1,3.8,30,https://www.tcgplayer.com/product/685945/riftbound-league-of-legends-trading-card-game-unleashed-alpha-wildclaw,https://tcgplayer-cdn.tcgplayer.com/product/685945_200w.jpg
684589,058/219,Lillia - Protector of Dreams,Epic,Base,Epic,,,,,1.72,1,3,11.27,https://www.tcgplayer.com/product/684589/riftbound-league-of-legends-trading-card-game-unleashed-lillia-protector-of-dreams,https://tcgplayer-cdn.tcgplayer.com/product/684589_200w.jpg
684205,059/219,Master Yi - Unstoppable,Epic,Base,Epic,,,,,1.85,1.55,3.25,25,https://www.tcgplayer.com/product/684205/riftbound-league-of-legends-trading-card-game-unleashed-master-yi-unstoppable,https://tcgplayer-cdn.tcgplayer.com/product/684205_200w.jpg
684125,060/219,Vilemaw,Epic,Base,Epic,,,,,27.13,25,29.99,100,https://www.tcgplayer.com/product/684125/riftbound-league-of-legends-trading-card-game-unleashed-vilemaw,https://tcgplayer-cdn.tcgplayer.com/product/684125_200w.jpg
684592,087/219,Blue Sentinel,Epic,Base,Epic,,,,,2.4,1.5,4.52,18.99,https://www.tcgplayer.com/product/684592/riftbound-league-of-legends-trading-card-game-unleashed-blue-sentinel,https://tcgplayer-cdn.tcgplayer.com/product/684592_200w.jpg
684596,088/219,Gutter Palace,Epic,Base,Epic,,,,,0.67,0.25,1,12,https://www.tcgplayer.com/product/684596/riftbound-league-of-legends-trading-card-game-unleashed-gutter-palace,https://tcgplayer-cdn.tcgplayer.com/product/684596_200w.jpg
684481,089/219,Jhin - Meticulous Killer,Epic,Base,Epic,,,,,2.9,1,3.99,14.98,https://www.tcgplayer.com/product/684481/riftbound-league-of-legends-trading-card-game-unleashed-jhin-meticulous-killer,https://tcgplayer-cdn.tcgplayer.com/product/684481_200w.jpg
684476,090/219,LeBlanc - Everywhere At Once,Epic,Base,Epic,,,,,4.89,4.09,7.98,44.99,https://www.tcgplayer.com/product/684476/riftbound-league-of-legends-trading-card-game-unleashed-leblanc-everywhere-at-once,https://tcgplayer-cdn.tcgplayer.com/product/684476_200w.jpg
686326,117/219,Arachnoid Horror,Epic,Base,Epic,,,,,3.19,2,4.99,18.91,https://www.tcgplayer.com/product/686326/riftbound-league-of-legends-trading-card-game-unleashed-arachnoid-horror,https://tcgplayer-cdn.tcgplayer.com/product/686326_200w.jpg
685007,118/219,Elder Dragon,Epic,Base,Epic,,,,,38.25,32,48.88,99.99,https://www.tcgplayer.com/product/685007/riftbound-league-of-legends-trading-card-game-unleashed-elder-dragon,https://tcgplayer-cdn.tcgplayer.com/product/685007_200w.jpg
684602,119/219,Kha'Zix - Evolving Hunter,Epic,Base,Epic,,,,,1.09,1,2.25,50,https://www.tcgplayer.com/product/684602/riftbound-league-of-legends-trading-card-game-unleashed-khazix-evolving-hunter,https://tcgplayer-cdn.tcgplayer.com/product/684602_200w.jpg
684215,120/219,Rengar - Trophy Hunter,Epic,Base,Epic,,,,,18.34,15.99,23.95,49.99,https://www.tcgplayer.com/product/684215/riftbound-league-of-legends-trading-card-game-unleashed-rengar-trophy-hunter,https://tcgplayer-cdn.tcgplayer.com/product/684215_200w.jpg
683790,147/219,Baron Nashor,Epic,Base,Epic,,,,,26.18,24,33.5,100,https://www.tcgplayer.com/product/683790/riftbound-league-of-legends-trading-card-game-unleashed-baron-nashor,https://tcgplayer-cdn.tcgplayer.com/product/683790_200w.jpg
684609,148/219,Cursed Sarcophagus,Epic,Base,Epic,,,,,1.14,0.5,1.8,25,https://www.tcgplayer.com/product/684609/riftbound-league-of-legends-trading-card-game-unleashed-cursed-sarcophagus,https://tcgplayer-cdn.tcgplayer.com/product/684609_200w.jpg
684495,149/219,Diana - No Longer Human,Epic,Base,Epic,,,,,4.22,3.45,6,41.97,https://www.tcgplayer.com/product/684495/riftbound-league-of-legends-trading-card-game-unleashed-diana-no-longer-human,https://tcgplayer-cdn.tcgplayer.com/product/684495_200w.jpg
685949,150/219,Vex - Apathetic,Epic,Base,Epic,,,,,16.21,15,18.56,24.99,https://www.tcgplayer.com/product/685949/riftbound-league-of-legends-trading-card-game-unleashed-vex-apathetic,https://tcgplayer-cdn.tcgplayer.com/product/685949_200w.jpg
684204,177/219,Ivern - Friend to All,Epic,Base,Epic,,,,,2.21,1.49,3.68,23.64,https://www.tcgplayer.com/product/684204/riftbound-league-of-legends-trading-card-game-unleashed-ivern-friend-to-all,https://tcgplayer-cdn.tcgplayer.com/product/684204_200w.jpg
685597,178/219,Poppy - Defender of the Meek,Epic,Base,Epic,,,,,1.94,1.29,2.78,23,https://www.tcgplayer.com/product/685597/riftbound-league-of-legends-trading-card-game-unleashed-poppy-defender-of-the-meek,https://tcgplayer-cdn.tcgplayer.com/product/685597_200w.jpg
684546,179/219,Rift Herald,Epic,Base,Epic,,,,,6.02,6,12.25,20.03,https://www.tcgplayer.com/product/684546/riftbound-league-of-legends-trading-card-game-unleashed-rift-herald,https://tcgplayer-cdn.tcgplayer.com/product/684546_200w.jpg
685492,180/219,The Ruination,Epic,Base,Epic,,,,,15.45,15.23,27.99,55,https://www.tcgplayer.com/product/685492/riftbound-league-of-legends-trading-card-game-unleashed-the-ruination,https://tcgplayer-cdn.tcgplayer.com/product/685492_200w.jpg
684477,182/219,Curtain Call,Epic,Base,Epic,,,,,1.89,1,3,25,https://www.tcgplayer.com/product/684477/riftbound-league-of-legends-trading-card-game-unleashed-curtain-call,https://tcgplayer-cdn.tcgplayer.com/product/684477_200w.jpg
685233,184/219,Thrill of the Hunt,Epic,Base,Epic,,,,,6.24,5,9.18,19.99,https://www.tcgplayer.com/product/685233/riftbound-league-of-legends-trading-card-game-unleashed-thrill-of-the-hunt,https://tcgplayer-cdn.tcgplayer.com/product/685233_200w.jpg
685675,186/219,Death from Below,Epic,Base,Epic,,,,,3.02,2,6.6,22,https://www.tcgplayer.com/product/685675/riftbound-league-of-legends-trading-card-game-unleashed-death-from-below,https://tcgplayer-cdn.tcgplayer.com/product/685675_200w.jpg
684657,188/219,Hextech Gauntlets,Epic,Base,Epic,,,,,1.38,0.5,1.86,9.99,https://www.tcgplayer.com/product/684657/riftbound-league-of-legends-trading-card-game-unleashed-hextech-gauntlets,https://tcgplayer-cdn.tcgplayer.com/product/684657_200w.jpg
684203,190/219,Lilting Lullaby,Epic,Base,Epic,,,,,6.93,5,8.56,19.99,https://www.tcgplayer.com/product/684203/riftbound-league-of-legends-trading-card-game-unleashed-lilting-lullaby,https://tcgplayer-cdn.tcgplayer.com/product/684203_200w.jpg
684485,192/219,Alpha Strike,Epic,Base,Epic,,,,,3.41,2,4.66,25,https://www.tcgplayer.com/product/684485/riftbound-league-of-legends-trading-card-game-unleashed-alpha-strike,https://tcgplayer-cdn.tcgplayer.com/product/684485_200w.jpg
685673,194/219,Shadow,Epic,Base,Epic,,,,,1.84,1.5,2.46,9.99,https://www.tcgplayer.com/product/685673/riftbound-league-of-legends-trading-card-game-unleashed-shadow,https://tcgplayer-cdn.tcgplayer.com/product/685673_200w.jpg
685599,196/219,Daisy!,Epic,Base,Epic,,,,,1.76,1,3.1,19.99,https://www.tcgplayer.com/product/685599/riftbound-league-of-legends-trading-card-game-unleashed-daisy,https://tcgplayer-cdn.tcgplayer.com/product/685599_200w.jpg
684527,198/219,Moonfall,Epic,Base,Epic,,,,,18.03,17,19.99,75,https://www.tcgplayer.com/product/684527/riftbound-league-of-legends-trading-card-game-unleashed-moonfall,https://tcgplayer-cdn.tcgplayer.com/product/684527_200w.jpg
684209,200/219,Mirror Image,Epic,Base,Epic,,,,,34.83,34.99,37.5,74,https://www.tcgplayer.com/product/684209/riftbound-league-of-legends-trading-card-game-unleashed-mirror-image,https://tcgplayer-cdn.tcgplayer.com/product/684209_200w.jpg
685600,202/219,Void Assault,Epic,Base,Epic,,,,,3.97,2,4.93,17.54,https://www.tcgplayer.com/product/685600/riftbound-league-of-legends-trading-card-game-unleashed-void-assault,https://tcgplayer-cdn.tcgplayer.com/product/685600_200w.jpg
684625,204/219,Keeper's Verdict,Epic,Base,Epic,,,,,1.32,0.3,2,15.37,https://www.tcgplayer.com/product/684625/riftbound-league-of-legends-trading-card-game-unleashed-keepers-verdict,https://tcgplayer-cdn.tcgplayer.com/product/684625_200w.jpg
684490,022a/219,Jhin - Murderous Artist (Alternate Art),Showcase,Alternate Art,Showcase,,,,,3.95,3.5,8.2,46.99,https://www.tcgplayer.com/product/684490/riftbound-league-of-legends-trading-card-game-unleashed-jhin-murderous-artist-alternate-art,https://tcgplayer-cdn.tcgplayer.com/product/684490_200w.jpg
685488,024a/219,Rengar - Unseen (Alternate Art),Showcase,Alternate Art,Showcase,,,,,3.09,2.77,4.12,39.99,https://www.tcgplayer.com/product/685488/riftbound-league-of-legends-trading-card-game-unleashed-rengar-unseen-alternate-art,https://tcgplayer-cdn.tcgplayer.com/product/685488_200w.jpg
685004,028a/219,Pyke - Dockside Butcher (Alternate Art),Showcase,Alternate Art,Showcase,,,,,8.35,7,11.13,36.68,https://www.tcgplayer.com/product/685004/riftbound-league-of-legends-trading-card-game-unleashed-pyke-dockside-butcher-alternate-art,https://tcgplayer-cdn.tcgplayer.com/product/685004_200w.jpg
685588,029a/219,Red Brambleback (Alternate Art),Showcase,Alternate Art,Showcase,,,,,4.17,1.98,5.76,63,https://www.tcgplayer.com/product/685588/riftbound-league-of-legends-trading-card-game-unleashed-red-brambleback-alternate-art,https://tcgplayer-cdn.tcgplayer.com/product/685588_200w.jpg
684586,030a/219,Vi - Hotheaded (Alternate Art),Showcase,Alternate Art,Showcase,,,,,3.78,3.5,5.23,92.54,https://www.tcgplayer.com/product/684586/riftbound-league-of-legends-trading-card-game-unleashed-vi-hotheaded-alternate-art,https://tcgplayer-cdn.tcgplayer.com/product/684586_200w.jpg
684595,051a/219,Ivern - Nurturer (Alternate Art),Showcase,Alternate Art,Showcase,,,,,1.14,0.5,1.7,500,https://www.tcgplayer.com/product/684595/riftbound-league-of-legends-trading-card-game-unleashed-ivern-nurturer-alternate-art,https://tcgplayer-cdn.tcgplayer.com/product/684595_200w.jpg
686318,055a/219,Vex - Mocking (Alternate Art),Showcase,Alternate Art,Showcase,,,,,2.01,1.25,2.61,73.01,https://www.tcgplayer.com/product/686318/riftbound-league-of-legends-trading-card-game-unleashed-vex-mocking-alternate-art,https://tcgplayer-cdn.tcgplayer.com/product/686318_200w.jpg
684588,058a/219,Lillia - Protector of Dreams (Alternate Art),Showcase,Alternate Art,Showcase,,,,,4.44,3.9,6.17,500,https://www.tcgplayer.com/product/684588/riftbound-league-of-legends-trading-card-game-unleashed-lillia-protector-of-dreams-alternate-art,https://tcgplayer-cdn.tcgplayer.com/product/684588_200w.jpg
684491,059a/219,Master Yi - Unstoppable (Alternate Art),Showcase,Alternate Art,Showcase,,,,,5.89,3.71,7.99,122.2,https://www.tcgplayer.com/product/684491/riftbound-league-of-legends-trading-card-game-unleashed-master-yi-unstoppable-alternate-art,https://tcgplayer-cdn.tcgplayer.com/product/684491_200w.jpg
684492,060a/219,Vilemaw (Alternate Art),Showcase,Alternate Art,Showcase,,,,,33.89,30,44.74,81.94,https://www.tcgplayer.com/product/684492/riftbound-league-of-legends-trading-card-game-unleashed-vilemaw-alternate-art,https://tcgplayer-cdn.tcgplayer.com/product/684492_200w.jpg
685523,079a/219,Diana - Lunari (Alternate Art),Showcase,Alternate Art,Showcase,,,,,5.72,4.79,7.5,19.99,https://www.tcgplayer.com/product/685523/riftbound-league-of-legends-trading-card-game-unleashed-diana-lunari-alternate-art,https://tcgplayer-cdn.tcgplayer.com/product/685523_200w.jpg
686321,082a/219,Lillia - Fae Fawn (Alternate Art),Showcase,Alternate Art,Showcase,,,,,8.67,7.5,8.87,14.99,https://www.tcgplayer.com/product/686321/riftbound-league-of-legends-trading-card-game-unleashed-lillia-fae-fawn-alternate-art,https://tcgplayer-cdn.tcgplayer.com/product/686321_200w.jpg
684593,087a/219,Blue Sentinel (Alternate Art),Showcase,Alternate Art,Showcase,,,,,5.04,3.5,8,60,https://www.tcgplayer.com/product/684593/riftbound-league-of-legends-trading-card-game-unleashed-blue-sentinel-alternate-art,https://tcgplayer-cdn.tcgplayer.com/product/684593_200w.jpg
684482,089a/219,Jhin - Meticulous Killer (Alternate Art),Showcase,Alternate Art,Showcase,,,,,4.7,3.8,6.01,49.99,https://www.tcgplayer.com/product/684482/riftbound-league-of-legends-trading-card-game-unleashed-jhin-meticulous-killer-alternate-art,https://tcgplayer-cdn.tcgplayer.com/product/684482_200w.jpg
684597,090a/219,LeBlanc - Everywhere At Once (Alternate Art),Showcase,Alternate Art,Showcase,,,,,9.53,8.93,12.99,49.99,https://www.tcgplayer.com/product/684597/riftbound-league-of-legends-trading-card-game-unleashed-leblanc-everywhere-at-once-alternate-art,https://tcgplayer-cdn.tcgplayer.com/product/684597_200w.jpg
684601,113a/219,Master Yi - Tempered (Alternate Art),Showcase,Alternate Art,Showcase,,,,,2.31,1,3.64,19.99,https://www.tcgplayer.com/product/684601/riftbound-league-of-legends-trading-card-game-unleashed-master-yi-tempered-alternate-art,https://tcgplayer-cdn.tcgplayer.com/product/684601_200w.jpg
685591,116a/219,Poppy - Paragon (Alternate Art),Showcase,Alternate Art,Showcase,,,,,1.97,0.99,2.46,90.85,https://www.tcgplayer.com/product/685591/riftbound-league-of-legends-trading-card-game-unleashed-poppy-paragon-alternate-art,https://tcgplayer-cdn.tcgplayer.com/product/685591_200w.jpg
684656,118a/219,Elder Dragon (Alternate Art),Showcase,Alternate Art,Showcase,,,,,50.58,45,65.76,199.99,https://www.tcgplayer.com/product/684656/riftbound-league-of-legends-trading-card-game-unleashed-elder-dragon-alternate-art,https://tcgplayer-cdn.tcgplayer.com/product/684656_200w.jpg
684603,119a/219,Kha'Zix - Evolving Hunter (Alternate Art),Showcase,Alternate Art,Showcase,,,,,2.65,1.5,4.29,96.19,https://www.tcgplayer.com/product/684603/riftbound-league-of-legends-trading-card-game-unleashed-khazix-evolving-hunter-alternate-art,https://tcgplayer-cdn.tcgplayer.com/product/684603_200w.jpg
684216,120a/219,Rengar - Trophy Hunter (Alternate Art),Showcase,Alternate Art,Showcase,,,,,22.76,20,32.73,49.99,https://www.tcgplayer.com/product/684216/riftbound-league-of-legends-trading-card-game-unleashed-rengar-trophy-hunter-alternate-art,https://tcgplayer-cdn.tcgplayer.com/product/684216_200w.jpg
685491,143a/219,Kha'Zix - Mutating Horror (Alternate Art),Showcase,Alternate Art,Showcase,,,,,2.35,0.3,3.75,500,https://www.tcgplayer.com/product/685491/riftbound-league-of-legends-trading-card-game-unleashed-khazix-mutating-horror-alternate-art,https://tcgplayer-cdn.tcgplayer.com/product/685491_200w.jpg
684608,145a/219,Pyke - Returned (Alternate Art),Showcase,Alternate Art,Showcase,,,,,2.83,2,3.06,38.96,https://www.tcgplayer.com/product/684608/riftbound-league-of-legends-trading-card-game-unleashed-pyke-returned-alternate-art,https://tcgplayer-cdn.tcgplayer.com/product/684608_200w.jpg
684211,147a/219,Baron Nashor (Alternate Art),Showcase,Alternate Art,Showcase,,,,,33.44,30,55.1,199.99,https://www.tcgplayer.com/product/684211/riftbound-league-of-legends-trading-card-game-unleashed-baron-nashor-alternate-art,https://tcgplayer-cdn.tcgplayer.com/product/684211_200w.jpg
684496,149a/219,Diana - No Longer Human (Alternate Art),Showcase,Alternate Art,Showcase,,,,,9.98,9,14,66.71,https://www.tcgplayer.com/product/684496/riftbound-league-of-legends-trading-card-game-unleashed-diana-no-longer-human-alternate-art,https://tcgplayer-cdn.tcgplayer.com/product/684496_200w.jpg
685950,150a/219,Vex - Apathetic (Alternate Art),Showcase,Alternate Art,Showcase,,,,,28.79,29.98,33.45,49.99,https://www.tcgplayer.com/product/685950/riftbound-league-of-legends-trading-card-game-unleashed-vex-apathetic-alternate-art,https://tcgplayer-cdn.tcgplayer.com/product/685950_200w.jpg
685569,172a/219,LeBlanc - Fragmented (Alternate Art),Showcase,Alternate Art,Showcase,,,,,10.65,6.09,12.49,34.64,https://www.tcgplayer.com/product/685569/riftbound-league-of-legends-trading-card-game-unleashed-leblanc-fragmented-alternate-art,https://tcgplayer-cdn.tcgplayer.com/product/685569_200w.jpg
685596,176a/219,Vi - Peacekeeper (Alternate Art),Showcase,Alternate Art,Showcase,,,,,7.03,5.5,8.99,35.82,https://www.tcgplayer.com/product/685596/riftbound-league-of-legends-trading-card-game-unleashed-vi-peacekeeper-alternate-art,https://tcgplayer-cdn.tcgplayer.com/product/685596_200w.jpg
684499,177a/219,Ivern - Friend to All (Alternate Art),Showcase,Alternate Art,Showcase,,,,,3.31,2.99,4.33,37.3,https://www.tcgplayer.com/product/684499/riftbound-league-of-legends-trading-card-game-unleashed-ivern-friend-to-all-alternate-art,https://tcgplayer-cdn.tcgplayer.com/product/684499_200w.jpg
685598,178a/219,Poppy - Defender of the Meek (Alternate Art),Showcase,Alternate Art,Showcase,,,,,3.17,2,4.99,50,https://www.tcgplayer.com/product/685598/riftbound-league-of-legends-trading-card-game-unleashed-poppy-defender-of-the-meek-alternate-art,https://tcgplayer-cdn.tcgplayer.com/product/685598_200w.jpg
685028,179a/219,Rift Herald (Alternate Art),Showcase,Alternate Art,Showcase,,,,,13.09,11,24,51,https://www.tcgplayer.com/product/685028/riftbound-league-of-legends-trading-card-game-unleashed-rift-herald-alternate-art,https://tcgplayer-cdn.tcgplayer.com/product/685028_200w.jpg
684628,220/219,Pouty Poro (Overnumbered),Showcase,Overnumbered,Showcase,,,,,68.83,67,75,199.99,https://www.tcgplayer.com/product/684628/riftbound-league-of-legends-trading-card-game-unleashed-pouty-poro-overnumbered,https://tcgplayer-cdn.tcgplayer.com/product/684628_200w.jpg
684632,221/219,Lonely Poro (Overnumbered),Showcase,Overnumbered,Showcase,,,,,91.17,90,97.35,175,https://www.tcgplayer.com/product/684632/riftbound-league-of-legends-trading-card-game-unleashed-lonely-poro-overnumbered,https://tcgplayer-cdn.tcgplayer.com/product/684632_200w.jpg
684633,222/219,Plundering Poro (Overnumbered),Showcase,Overnumbered,Showcase,,,,,85.11,94.99,100,550.67,https://www.tcgplayer.com/product/684633/riftbound-league-of-legends-trading-card-game-unleashed-plundering-poro-overnumbered,https://tcgplayer-cdn.tcgplayer.com/product/684633_200w.jpg
684635,223/219,Veteran Poro (Overnumbered),Showcase,Overnumbered,Showcase,,,,,47.91,48.09,53,159.99,https://www.tcgplayer.com/product/684635/riftbound-league-of-legends-trading-card-game-unleashed-veteran-poro-overnumbered,https://tcgplayer-cdn.tcgplayer.com/product/684635_200w.jpg
684636,224/219,Mystic Poro (Overnumbered),Showcase,Overnumbered,Showcase,,,,,60.32,55,64,500,https://www.tcgplayer.com/product/684636/riftbound-league-of-legends-trading-card-game-unleashed-mystic-poro-overnumbered,https://tcgplayer-cdn.tcgplayer.com/product/684636_200w.jpg
684638,225/219,Daring Poro (Overnumbered),Showcase,Overnumbered,Showcase,,,,,51.4,52,66.66,250.99,https://www.tcgplayer.com/product/684638/riftbound-league-of-legends-trading-card-game-unleashed-daring-poro-overnumbered,https://tcgplayer-cdn.tcgplayer.com/product/684638_200w.jpg
685524,226*/219,Jhin - Virtuoso (Signature),Showcase,Signature,Showcase,,,,,438.06,418.44,439.72,1750,https://www.tcgplayer.com/product/685524/riftbound-league-of-legends-trading-card-game-unleashed-jhin-virtuoso-signature,https://tcgplayer-cdn.tcgplayer.com/product/685524_200w.jpg
685602,226/219,Jhin - Virtuoso (Overnumbered),Showcase,Overnumbered,Showcase,,,,,56.01,49.99,59.99,500,https://www.tcgplayer.com/product/685602/riftbound-league-of-legends-trading-card-game-unleashed-jhin-virtuoso-overnumbered,https://tcgplayer-cdn.tcgplayer.com/product/685602_200w.jpg
685526,227*/219,Rengar - Pridestalker (Signature),Showcase,Signature,Rare,,,,,,500,599,1479.99,https://www.tcgplayer.com/product/685526/riftbound-league-of-legends-trading-card-game-unleashed-rengar-pridestalker-signature,https://tcgplayer-cdn.tcgplayer.com/product/685526_200w.jpg
685603,227/219,Rengar - Pridestalker (Overnumbered),Showcase,Overnumbered,Epic,,,,,97.56,80,97.56,133.4,https://www.tcgplayer.com/product/685603/riftbound-league-of-legends-trading-card-game-unleashed-rengar-pridestalker-overnumbered,https://tcgplayer-cdn.tcgplayer.com/product/685603_200w.jpg
685525,228*/219,Pyke - Bloodharbor Ripper (Signature),Showcase,Signature,Showcase,,,,,710,589,662.5,2000,https://www.tcgplayer.com/product/685525/riftbound-league-of-legends-trading-card-game-unleashed-pyke-bloodharbor-ripper-signature,https://tcgplayer-cdn.tcgplayer.com/product/685525_200w.jpg
685604,228/219,Pyke - Bloodharbor Ripper (Overnumbered),Showcase,Overnumbered,Showcase,,,,,84.37,79.97,99.5,199,https://www.tcgplayer.com/product/685604/riftbound-league-of-legends-trading-card-game-unleashed-pyke-bloodharbor-ripper-overnumbered,https://tcgplayer-cdn.tcgplayer.com/product/685604_200w.jpg
685522,229*/219,Vi - Piltover Enforcer (Signature),Showcase,Signature,Showcase,,,,,,736.25,759.45,1180,https://www.tcgplayer.com/product/685522/riftbound-league-of-legends-trading-card-game-unleashed-vi-piltover-enforcer-signature,https://tcgplayer-cdn.tcgplayer.com/product/685522_200w.jpg
685521,229/219,Vi - Piltover Enforcer (Overnumbered),Showcase,Overnumbered,Showcase,,,,,80.58,74.96,86,261.99,https://www.tcgplayer.com/product/685521/riftbound-league-of-legends-trading-card-game-unleashed-vi-piltover-enforcer-overnumbered,https://tcgplayer-cdn.tcgplayer.com/product/685521_200w.jpg
684502,230*/219,Lillia - Bashful Bloom (Signature),Showcase,Signature,Showcase,,,,,,881.29,892,999.99,https://www.tcgplayer.com/product/684502/riftbound-league-of-legends-trading-card-game-unleashed-lillia-bashful-bloom-signature,https://tcgplayer-cdn.tcgplayer.com/product/684502_200w.jpg
684501,230/219,Lillia - Bashful Bloom (Overnumbered),Showcase,Overnumbered,Showcase,,,,,85.14,85.14,93.5,150,https://www.tcgplayer.com/product/684501/riftbound-league-of-legends-trading-card-game-unleashed-lillia-bashful-bloom-overnumbered,https://tcgplayer-cdn.tcgplayer.com/product/684501_200w.jpg
685605,231*/219,Master Yi - Wuju Master (Signature),Showcase,Signature,Showcase,,,,,,525,595.47,1500,https://www.tcgplayer.com/product/685605/riftbound-league-of-legends-trading-card-game-unleashed-master-yi-wuju-master-signature,https://tcgplayer-cdn.tcgplayer.com/product/685605_200w.jpg
685527,231/219,Master Yi - Wuju Master (Overnumbered),Showcase,Overnumbered,Showcase,,,,,69,53,82.98,299.99,https://www.tcgplayer.com/product/685527/riftbound-league-of-legends-trading-card-game-unleashed-master-yi-wuju-master-overnumbered,https://tcgplayer-cdn.tcgplayer.com/product/685527_200w.jpg
685607,232*/219,Vex - Gloomist (Signature),Showcase,Signature,Showcase,,,,,,749.99,999,1400,https://www.tcgplayer.com/product/685607/riftbound-league-of-legends-trading-card-game-unleashed-vex-gloomist-signature,https://tcgplayer-cdn.tcgplayer.com/product/685607_200w.jpg
685606,232/219,Vex - Gloomist (Overnumbered),Showcase,Overnumbered,Showcase,,,,,125.44,122.89,139.84,500,https://www.tcgplayer.com/product/685606/riftbound-league-of-legends-trading-card-game-unleashed-vex-gloomist-overnumbered,https://tcgplayer-cdn.tcgplayer.com/product/685606_200w.jpg
684504,233*/219,Ivern - Green Father (Signature),Showcase,Signature,Showcase,,,,,,418,490,1000,https://www.tcgplayer.com/product/684504/riftbound-league-of-legends-trading-card-game-unleashed-ivern-green-father-signature,https://tcgplayer-cdn.tcgplayer.com/product/684504_200w.jpg
684503,233/219,Ivern - Green Father (Overnumbered),Showcase,Overnumbered,Showcase,,,,,60.23,55.2,69.98,500,https://www.tcgplayer.com/product/684503/riftbound-league-of-legends-trading-card-game-unleashed-ivern-green-father-overnumbered,https://tcgplayer-cdn.tcgplayer.com/product/684503_200w.jpg
684506,234*/219,Diana - Scorn of the Moon (Signature),Showcase,Signature,Showcase,,,,,729.08,739.99,899,2400,https://www.tcgplayer.com/product/684506/riftbound-league-of-legends-trading-card-game-unleashed-diana-scorn-of-the-moon-signature,https://tcgplayer-cdn.tcgplayer.com/product/684506_200w.jpg
684505,234/219,Diana - Scorn of the Moon (Overnumbered),Showcase,Overnumbered,Showcase,,,,,151.85,187.49,362.49,400,https://www.tcgplayer.com/product/684505/riftbound-league-of-legends-trading-card-game-unleashed-diana-scorn-of-the-moon-overnumbered,https://tcgplayer-cdn.tcgplayer.com/product/684505_200w.jpg
685609,235*/219,LeBlanc - Deceiver (Signature),Showcase,Signature,Showcase,,,,,823.74,700.97,849.99,1465.24,https://www.tcgplayer.com/product/685609/riftbound-league-of-legends-trading-card-game-unleashed-leblanc-deceiver-signature,https://tcgplayer-cdn.tcgplayer.com/product/685609_200w.jpg
685608,235/219,LeBlanc - Deceiver (Overnumbered),Showcase,Overnumbered,Showcase,,,,,127.89,124.97,142,299,https://www.tcgplayer.com/product/685608/riftbound-league-of-legends-trading-card-game-unleashed-leblanc-deceiver-overnumbered,https://tcgplayer-cdn.tcgplayer.com/product/685608_200w.jpg
684210,236*/219,Kha'Zix - Voidreaver (Signature),Showcase,Signature,Showcase,,,,,350.29,349.02,447.5,136072.44,https://www.tcgplayer.com/product/684210/riftbound-league-of-legends-trading-card-game-unleashed-khazix-voidreaver-signature,https://tcgplayer-cdn.tcgplayer.com/product/684210_200w.jpg
684507,236/219,Kha'Zix - Voidreaver (Overnumbered),Showcase,Overnumbered,Showcase,,,,,68.06,67.44,82.5,177,https://www.tcgplayer.com/product/684507/riftbound-league-of-legends-trading-card-game-unleashed-khazix-voidreaver-overnumbered,https://tcgplayer-cdn.tcgplayer.com/product/684507_200w.jpg
684521,237*/219,Poppy - Keeper of the Hammer (Signature),Showcase,Signature,Showcase,,,,,414.49,444,455,490,https://www.tcgplayer.com/product/684521/riftbound-league-of-legends-trading-card-game-unleashed-poppy-keeper-of-the-hammer-signature,https://tcgplayer-cdn.tcgplayer.com/product/684521_200w.jpg
684517,237/219,Poppy - Keeper of the Hammer (Overnumbered),Showcase,Overnumbered,Showcase,,,,,48.29,46.99,80.26,194.99,https://www.tcgplayer.com/product/684517/riftbound-league-of-legends-trading-card-game-unleashed-poppy-keeper-of-the-hammer-overnumbered,https://tcgplayer-cdn.tcgplayer.com/product/684517_200w.jpg
685925,238/219,Baron Nashor (Ultimate),Showcase,Ultimate,Showcase,,,,,1418.56,1290,1427.57,2790,https://www.tcgplayer.com/product/685925/riftbound-league-of-legends-trading-card-game-unleashed-baron-nashor-ultimate,https://tcgplayer-cdn.tcgplayer.com/product/685925_200w.jpg
692932,R01a,Fury Rune (Alternate Art),Showcase,Alternate Art,Showcase,,,,,9.82,7,10.43,49.99,https://www.tcgplayer.com/product/692932/riftbound-league-of-legends-trading-card-game-unleashed-fury-rune-alternate-art,https://tcgplayer-cdn.tcgplayer.com/product/692932_200w.jpg
692933,R02a,Calm Rune (Alternate Art),Showcase,Alternate Art,Showcase,,,,,8.68,7.6,10.98,49.99,https://www.tcgplayer.com/product/692933/riftbound-league-of-legends-trading-card-game-unleashed-calm-rune-alternate-art,https://tcgplayer-cdn.tcgplayer.com/product/692933_200w.jpg
692934,R03a,Mind Rune (Alternate Art),Showcase,Alternate Art,Showcase,,,,,13.19,12.4,15.23,49.99,https://www.tcgplayer.com/product/692934/riftbound-league-of-legends-trading-card-game-unleashed-mind-rune-alternate-art,https://tcgplayer-cdn.tcgplayer.com/product/692934_200w.jpg
692935,R04a,Body Rune (Alternate Art),Showcase,Alternate Art,Showcase,,,,,9.16,7.57,12.08,49.99,https://www.tcgplayer.com/product/692935/riftbound-league-of-legends-trading-card-game-unleashed-body-rune-alternate-art,https://tcgplayer-cdn.tcgplayer.com/product/692935_200w.jpg
692936,R05a,Chaos Rune (Alternate Art),Showcase,Alternate Art,Showcase,,,,,14.93,14,16,49.99,https://www.tcgplayer.com/product/692936/riftbound-league-of-legends-trading-card-game-unleashed-chaos-rune-alternate-art,https://tcgplayer-cdn.tcgplayer.com/product/692936_200w.jpg
692937,R06a,Order Rune (Alternate Art),Showcase,Alternate Art,Showcase,,,,,8.91,7,11.09,49.99,https://www.tcgplayer.com/product/692937/riftbound-league-of-legends-trading-card-game-unleashed-order-rune-alternate-art,https://tcgplayer-cdn.tcgplayer.com/product/692937_200w.jpg
